Gfx owl_Laminat_ci8_aligner[] = {gsSPEndDisplayList()};
u8 owl_Laminat_ci8[] = {
	0x00, 0x00, 0x01, 0x02, 0x03, 0x04, 0x05, 0x06, 
	0x01, 0x06, 0x01, 0x06, 0x07, 0x08, 0x09, 0x0a, 
	0x0b, 0x0c, 0x0c, 0x0a, 0x05, 0x01, 0x03, 0x0d, 
	0x0e, 0x0f, 0x10, 0x10, 0x11, 0x12, 0x13, 0x14, 
	0x05, 0x05, 0x01, 0x0e, 0x01, 0x00, 0x06, 0x06, 
	0x15, 0x15, 0x03, 0x06, 0x09, 0x00, 0x05, 0x16, 
	0x09, 0x09, 0x05, 0x05, 0x06, 0x17, 0x02, 0x03, 
	0x0e, 0x13, 0x13, 0x13, 0x08, 0x18, 0x19, 0x12, 
	0x17, 0x06, 0x06, 0x17, 0x03, 0x03, 0x0e, 0x0e, 
	0x03, 0x11, 0x1a, 0x1a, 0x11, 0x13, 0x1a, 0x12, 
	0x12, 0x12, 0x11, 0x11, 0x11, 0x13, 0x17, 0x17, 
	0x17, 0x17, 0x01, 0x03, 0x03, 0x15, 0x15, 0x01, 
	0x17, 0x01, 0x15, 0x0e, 0x03, 0x03, 0x0e, 0x03, 
	0x01, 0x0c, 0x1b, 0x0c, 0x11, 0x0c, 0x0f, 0x0c, 
	0x0c, 0x0c, 0x0c, 0x0c, 0x0c, 0x1a, 0x15, 0x0e, 
	0x0e, 0x1c, 0x1d, 0x1e, 0x03, 0x15, 0x15, 0x03, 
	0x07, 0x00, 0x06, 0x01, 0x03, 0x0e, 0x0e, 0x03, 
	0x02, 0x01, 0x06, 0x00, 0x06, 0x06, 0x01, 0x03, 
	0x01, 0x01, 0x01, 0x06, 0x00, 0x06, 0x17, 0x17, 
	0x17, 0x17, 0x17, 0x17, 0x01, 0x17, 0x17, 0x17, 
	0x06, 0x01, 0x01, 0x02, 0x02, 0x03, 0x03, 0x0e, 
	0x02, 0x03, 0x0e, 0x03, 0x01, 0x17, 0x03, 0x0e, 
	0x0e, 0x15, 0x1e, 0x1c, 0x1e, 0x03, 0x0e, 0x03, 
	0x02, 0x01, 0x17, 0x17, 0x01, 0x17, 0x01, 0x01, 
	0x0b, 0x0a, 0x09, 0x16, 0x16, 0x05, 0x06, 0x00, 
	0x08, 0x09, 0x09, 0x08, 0x09, 0x09, 0x09, 0x16, 
	0x05, 0x05, 0x08, 0x14, 0x14, 0x12, 0x12, 0x1a, 
	0x13, 0x12, 0x11, 0x11, 0x1f, 0x11, 0x0b, 0x13, 
	0x0b, 0x0a, 0x16, 0x05, 0x05, 0x20, 0x00, 0x05, 
	0x05, 0x05, 0x16, 0x16, 0x16, 0x21, 0x05, 0x05, 
	0x20, 0x00, 0x14, 0x10, 0x11, 0x1a, 0x11, 0x11, 
	0x13, 0x13, 0x22, 0x13, 0x13, 0x1a, 0x0b, 0x0b, 
	0x09, 0x05, 0x07, 0x00, 0x06, 0x03, 0x23, 0x1a, 
	0x22, 0x22, 0x24, 0x23, 0x25, 0x25, 0x24, 0x17, 
	0x00, 0x09, 0x14, 0x1a, 0x1a, 0x09, 0x00, 0x06, 
	0x00, 0x24, 0x08, 0x09, 0x09, 0x09, 0x09, 0x09, 
	0x01, 0x01, 0x01, 0x01, 0x01, 0x00, 0x05, 0x05, 
	0x00, 0x00, 0x24, 0x07, 0x09, 0x24, 0x00, 0x09, 
	0x13, 0x14, 0x09, 0x08, 0x07, 0x00, 0x07, 0x05, 
	0x09, 0x09, 0x22, 0x09, 0x24, 0x06, 0x01, 0x01, 
	0x0e, 0x0e, 0x1e, 0x1c, 0x1e, 0x03, 0x15, 0x0e, 
	0x01, 0x24, 0x05, 0x05, 0x05, 0x05, 0x00, 0x02, 
	0x01, 0x1e, 0x1e, 0x03, 0x03, 0x03, 0x03, 0x01, 
	0x01, 0x17, 0x01, 0x17, 0x17, 0x17, 0x02, 0x03, 
	0x17, 0x17, 0x17, 0x01, 0x03, 0x03, 0x03, 0x15, 
	0x01, 0x05, 0x03, 0x00, 0x06, 0x17, 0x00, 0x03, 
	0x1d, 0x26, 0x1e, 0x03, 0x02, 0x01, 0x17, 0x17, 
	0x17, 0x17, 0x01, 0x17, 0x17, 0x17, 0x17, 0x17, 
	0x14, 0x1a, 0x11, 0x11, 0x10, 0x12, 0x10, 0x10, 
	0x10, 0x10, 0x10, 0x10, 0x0f, 0x0f, 0x0f, 0x0f, 
	0x0c, 0x0c, 0x0c, 0x0b, 0x14, 0x25, 0x09, 0x05, 
	0x09, 0x09, 0x05, 0x01, 0x15, 0x1e, 0x27, 0x08, 
	0x06, 0x14, 0x14, 0x12, 0x10, 0x0f, 0x11, 0x13, 
	0x1a, 0x1a, 0x14, 0x09, 0x14, 0x14, 0x13, 0x1a, 
	0x1a, 0x1a, 0x0b, 0x1a, 0x0b, 0x13, 0x08, 0x09, 
	0x13, 0x11, 0x13, 0x22, 0x24, 0x28, 0x29, 0x27, 
	0x01, 0x01, 0x01, 0x01, 0x06, 0x09, 0x09, 0x05, 
	0x00, 0x06, 0x00, 0x07, 0x14, 0x2a, 0x06, 0x01, 
	0x06, 0x01, 0x01, 0x01, 0x02, 0x1e, 0x1e, 0x1e, 
	0x03, 0x03, 0x01, 0x01, 0x02, 0x0e, 0x1c, 0x03, 
	0x03, 0x0e, 0x15, 0x0e, 0x0e, 0x15, 0x05, 0x09, 
	0x09, 0x09, 0x13, 0x1a, 0x1f, 0x1f, 0x05, 0x09, 
	0x00, 0x03, 0x1e, 0x1c, 0x2b, 0x2b, 0x1c, 0x2c, 
	0x0e, 0x01, 0x17, 0x17, 0x02, 0x00, 0x17, 0x0e, 
	0x01, 0x02, 0x01, 0x01, 0x0e, 0x1e, 0x01, 0x07, 
	0x24, 0x24, 0x06, 0x07, 0x23, 0x07, 0x28, 0x28, 
	0x06, 0x00, 0x23, 0x23, 0x06, 0x03, 0x01, 0x01, 
	0x06, 0x00, 0x05, 0x05, 0x17, 0x01, 0x17, 0x01, 
	0x03, 0x03, 0x0e, 0x01, 0x0e, 0x1c, 0x1c, 0x15, 
	0x03, 0x01, 0x28, 0x01, 0x01, 0x28, 0x06, 0x07, 
	0x00, 0x01, 0x01, 0x01, 0x01, 0x15, 0x08, 0x1a, 
	0x1a, 0x1a, 0x1a, 0x0a, 0x05, 0x07, 0x06, 0x01, 
	0x09, 0x09, 0x08, 0x14, 0x23, 0x23, 0x24, 0x24, 
	0x08, 0x09, 0x14, 0x14, 0x13, 0x13, 0x24, 0x01, 
	0x17, 0x06, 0x06, 0x01, 0x02, 0x06, 0x1f, 0x0c, 
	0x0f, 0x0c, 0x0c, 0x11, 0x12, 0x14, 0x14, 0x14, 
	0x2d, 0x0b, 0x0b, 0x0c, 0x0c, 0x0c, 0x0c, 0x0c, 
	0x0c, 0x1f, 0x11, 0x13, 0x13, 0x09, 0x17, 0x06, 
	0x00, 0x05, 0x00, 0x0e, 0x03, 0x06, 0x13, 0x13, 
	0x13, 0x13, 0x0b, 0x0b, 0x0b, 0x0b, 0x0c, 0x2d, 
	0x00, 0x00, 0x00, 0x00, 0x00, 0x00, 0x00, 0x00, 
	0x00, 0x05, 0x00, 0x15, 0x15, 0x28, 0x08, 0x23, 
	0x02, 0x0e, 0x0e, 0x0e, 0x03, 0x01, 0x00, 0x00, 
	0x00, 0x00, 0x00, 0x01, 0x17, 0x06, 0x06, 0x06, 
	0x0e, 0x03, 0x03, 0x01, 0x17, 0x17, 0x17, 0x17, 
	0x17, 0x00, 0x00, 0x01, 0x15, 0x03, 0x06, 0x17, 
	0x03, 0x03, 0x03, 0x0e, 0x03, 0x03, 0x0e, 0x03, 
	0x17, 0x01, 0x15, 0x0e, 0x1e, 0x1e, 0x1c, 0x1c, 
	0x06, 0x23, 0x23, 0x06, 0x06, 0x0e, 0x0e, 0x02, 
	0x00, 0x20, 0x00, 0x17, 0x01, 0x02, 0x17, 0x17, 
	0x06, 0x01, 0x00, 0x00, 0x00, 0x06, 0x06, 0x01, 
	0x06, 0x00, 0x00, 0x07, 0x23, 0x08, 0x08, 0x24, 
	0x09, 0x05, 0x05, 0x07, 0x07, 0x03, 0x0e, 0x02, 
	0x00, 0x00, 0x00, 0x00, 0x17, 0x02, 0x03, 0x17, 
	0x00, 0x05, 0x05, 0x17, 0x03, 0x01, 0x06, 0x00, 
	0x00, 0x00, 0x00, 0x05, 0x05, 0x05, 0x05, 0x05, 
	0x05, 0x07, 0x07, 0x07, 0x07, 0x06, 0x06, 0x04, 
	0x18, 0x2a, 0x09, 0x09, 0x22, 0x09, 0x09, 0x25, 
	0x07, 0x05, 0x09, 0x01, 0x1e, 0x28, 0x08, 0x08, 
	0x2a, 0x14, 0x14, 0x24, 0x24, 0x24, 0x23, 0x23, 
	0x11, 0x11, 0x1a, 0x13, 0x13, 0x0a, 0x0a, 0x13, 
	0x13, 0x2a, 0x08, 0x08, 0x24, 0x09, 0x0a, 0x13, 
	0x09, 0x14, 0x11, 0x13, 0x2a, 0x15, 0x28, 0x18, 
	0x12, 0x2e, 0x0f, 0x10, 0x10, 0x10, 0x1f, 0x1f, 
	0x0b, 0x13, 0x13, 0x13, 0x1a, 0x11, 0x13, 0x08, 
	0x04, 0x00, 0x06, 0x00, 0x06, 0x01, 0x03, 0x27, 
	0x15, 0x04, 0x25, 0x06, 0x1e, 0x0e, 0x04, 0x2f, 
	0x14, 0x11, 0x10, 0x0f, 0x1f, 0x13, 0x2a, 0x11, 
	0x09, 0x22, 0x0a, 0x0b, 0x1a, 0x0f, 0x1f, 0x09, 
	0x22, 0x24, 0x01, 0x30, 0x1c, 0x1c, 0x1c, 0x1c, 
	0x2c, 0x0e, 0x01, 0x17, 0x01, 0x0e, 0x15, 0x0e, 
	0x03, 0x08, 0x1a, 0x12, 0x1f, 0x1a, 0x09, 0x09, 
	0x09, 0x09, 0x09, 0x24, 0x09, 0x13, 0x08, 0x25, 
	0x07, 0x06, 0x01, 0x04, 0x04, 0x27, 0x15, 0x03, 
	0x03, 0x17, 0x00, 0x00, 0x00, 0x01, 0x03, 0x01, 
	0x03, 0x06, 0x00, 0x07, 0x24, 0x24, 0x17, 0x06, 
	0x01, 0x17, 0x06, 0x06, 0x28, 0x28, 0x06, 0x06, 
	0x24, 0x24, 0x00, 0x06, 0x06, 0x06, 0x1e, 0x14, 
	0x13, 0x0b, 0x0b, 0x0b, 0x13, 0x08, 0x05, 0x00, 
	0x17, 0x17, 0x02, 0x03, 0x02, 0x17, 0x0e, 0x1c, 
	0x2f, 0x18, 0x14, 0x22, 0x14, 0x09, 0x09, 0x05, 
	0x17, 0x06, 0x00, 0x06, 0x01, 0x01, 0x01, 0x09, 
	0x09, 0x23, 0x24, 0x08, 0x07, 0x07, 0x08, 0x00, 
	0x24, 0x08, 0x14, 0x31, 0x14, 0x13, 0x2f, 0x2f, 
	0x0c, 0x1f, 0x0c, 0x0f, 0x11, 0x11, 0x0b, 0x00, 
	0x01, 0x00, 0x05, 0x00, 0x03, 0x02, 0x01, 0x07, 
	0x06, 0x01, 0x27, 0x03, 0x06, 0x24, 0x08, 0x09, 
	0x32, 0x13, 0x11, 0x11, 0x11, 0x0c, 0x0c, 0x0c, 
	
};

Gfx owl_Laminat_pal_rgba16_aligner[] = {gsSPEndDisplayList()};
u8 owl_Laminat_pal_rgba16[] = {
	0x59, 0x01, 0x48, 0xc1, 0x48, 0x81, 0x40, 0x81, 
	0x51, 0x03, 0x61, 0x41, 0x51, 0x01, 0x59, 0x41, 
	0x61, 0x83, 0x69, 0x83, 0x71, 0xc3, 0x7a, 0x05, 
	0x82, 0x47, 0x40, 0x41, 0x38, 0x41, 0x82, 0x49, 
	0x7a, 0x49, 0x7a, 0x07, 0x72, 0x07, 0x71, 0xc5, 
	0x69, 0xc5, 0x38, 0x81, 0x69, 0x81, 0x50, 0xc1, 
	0x61, 0x85, 0x69, 0xc7, 0x72, 0x05, 0x82, 0x07, 
	0x28, 0x01, 0x28, 0x41, 0x30, 0x41, 0x7a, 0x47, 
	0x61, 0x01, 0x69, 0x41, 0x69, 0xc3, 0x59, 0x43, 
	0x61, 0x43, 0x59, 0x03, 0x20, 0x41, 0x40, 0xc1, 
	0x49, 0x01, 0x30, 0x81, 0x69, 0x85, 0x20, 0x01, 
	0x18, 0x01, 0x82, 0x45, 0x82, 0x8b, 0x59, 0x45, 
	0x30, 0x01, 0x71, 0xc7, 0x71, 0x83, 
};

Gfx owl__0E000010_i8_aligner[] = {gsSPEndDisplayList()};
u8 owl__0E000010_i8[] = {
	0xc8, 0xd0, 0xc8, 0xd8, 0xa8, 0xb0, 0xb8, 0xe0, 
	0xe8, 0xe0, 0xe0, 0xd8, 0xd0, 0xd0, 0xd8, 0xd8, 
	0xc0, 0xc8, 0xc0, 0xc0, 0xc0, 0xb0, 0xc8, 0xe0, 
	0xd0, 0xd0, 0xd8, 0xd8, 0xc8, 0xb8, 0xb0, 0xb8, 
	0xc0, 0xd0, 0xc8, 0xd0, 0xe0, 0xc8, 0xc0, 0xe8, 
	0xf0, 0xe8, 0xe0, 0xd8, 0xc8, 0xd8, 0xd8, 0xd0, 
	0xb0, 0xc0, 0xb8, 0xb0, 0xb8, 0xb0, 0xd8, 0xe8, 
	0xd0, 0xd0, 0xd0, 0xc8, 0xa8, 0xa8, 0xa8, 0xb0, 
	0xc0, 0xd8, 0xe0, 0xd8, 0xe8, 0xe8, 0xc0, 0xd8, 
	0xf0, 0xe8, 0xe0, 0xc0, 0xb0, 0xc8, 0xb8, 0xb8, 
	0xa8, 0xb8, 0xc8, 0xb8, 0xa8, 0xb8, 0xc8, 0xe8, 
	0xc0, 0xb8, 0xb0, 0xa8, 0xa0, 0xa0, 0xa0, 0xa8, 
	0xc0, 0xd8, 0xe0, 0xe8, 0xe8, 0xf0, 0xd8, 0xb8, 
	0xe0, 0xe8, 0xd8, 0xc0, 0xb8, 0xc8, 0xa8, 0xd8, 
	0xa8, 0xc8, 0xd8, 0xd0, 0xb0, 0xc0, 0xb0, 0xe8, 
	0xc8, 0xb0, 0xa8, 0xa0, 0xa8, 0xa8, 0xa0, 0xb0, 
	0xc8, 0xe0, 0xe0, 0xe8, 0xd8, 0xe8, 0xd8, 0xb8, 
	0xe0, 0xd8, 0xd8, 0xd8, 0xd0, 0xd8, 0xd0, 0xe8, 
	0xd0, 0xc8, 0xd8, 0xc8, 0xc0, 0xc0, 0xc0, 0xd8, 
	0xc8, 0xa8, 0xa8, 0xa0, 0xb0, 0xa8, 0xa8, 0xb8, 
	0xd0, 0xe0, 0xe0, 0xe0, 0xd8, 0xd0, 0xd8, 0xd0, 
	0xe8, 0xe0, 0xe0, 0xd0, 0xc0, 0xd0, 0xd0, 0xe0, 
	0xd8, 0xd8, 0xd8, 0xd0, 0xd0, 0xc0, 0xc0, 0xd0, 
	0xc8, 0xa8, 0xa8, 0xa8, 0xb0, 0xb0, 0xb0, 0xc0, 
	0xd8, 0xe8, 0xe0, 0xd8, 0xf0, 0xd8, 0xe0, 0xc8, 
	0xe0, 0xe0, 0xd8, 0xc8, 0xb8, 0xd0, 0xc0, 0xe0, 
	0xe0, 0xd8, 0xd8, 0xd8, 0xd8, 0xc8, 0xd0, 0xd8, 
	0xb0, 0xb0, 0xb0, 0xa8, 0xb8, 0xb8, 0xc0, 0xc8, 
	0xd8, 0xe8, 0xe8, 0xd0, 0xf0, 0xd8, 0xb0, 0xc0, 
	0xd0, 0xd0, 0xd0, 0xc8, 0xc8, 0xd0, 0xd8, 0xe8, 
	0xe0, 0xe0, 0xd8, 0xe0, 0xe0, 0xd8, 0xe8, 0xd8, 
	0xb8, 0xc8, 0xb0, 0xb0, 0xb8, 0xc0, 0xc8, 0xd0, 
	0xe0, 0xe0, 0xe8, 0xd0, 0xe0, 0xd8, 0xa0, 0xb8, 
	0xb8, 0xc0, 0xd8, 0xc0, 0xd0, 0xc8, 0xd8, 0xe0, 
	0xd8, 0xd8, 0xe0, 0xe0, 0xe0, 0xe8, 0xf0, 0xc8, 
	0xc8, 0xc8, 0xc0, 0xb0, 0xb8, 0xc8, 0xd0, 0xd0, 
	0xe0, 0xe0, 0xe8, 0xc8, 0xd8, 0xd0, 0xb0, 0x98, 
	0xc0, 0xc8, 0xd0, 0xd0, 0xd8, 0xe0, 0xe0, 0xc8, 
	0xb0, 0xd8, 0xd8, 0xe0, 0xe0, 0xf0, 0xe8, 0xc8, 
	0xd0, 0xd8, 0xc8, 0xc0, 0xc0, 0xc8, 0xd0, 0xd0, 
	0xe0, 0xe0, 0xe8, 0xd8, 0xe0, 0xd0, 0xc0, 0xb0, 
	0xb8, 0xc0, 0xd0, 0xd0, 0xd8, 0xf8, 0xe0, 0xd8, 
	0xc0, 0xc8, 0xd8, 0xd8, 0xe0, 0xf0, 0xe0, 0xd8, 
	0xd0, 0xd0, 0xd0, 0xc8, 0xc0, 0xc8, 0xd8, 0xd0, 
	0xe0, 0xd8, 0xf0, 0xc0, 0xe0, 0xd0, 0xc0, 0xb8, 
	0xb8, 0xb0, 0xc8, 0xe8, 0xe8, 0xe0, 0xe8, 0xe0, 
	0xc0, 0xc0, 0xc8, 0xd8, 0xe0, 0xf0, 0xe8, 0xd8, 
	0xd8, 0xc0, 0xc8, 0xc0, 0xc8, 0xd0, 0xd8, 0xd0, 
	0xe0, 0xd8, 0xe0, 0xd8, 0xd0, 0xb8, 0xa8, 0xb0, 
	0xa8, 0xa8, 0xb0, 0xd8, 0xd8, 0xd8, 0xe8, 0xe8, 
	0xc0, 0xb0, 0xc0, 0xd0, 0xd0, 0xe8, 0xe8, 0xd8, 
	0xe0, 0xc0, 0xd0, 0xc0, 0xb0, 0xd0, 0xd8, 0xd8, 
	0xe8, 0xd8, 0xe0, 0xe0, 0xd8, 0xc0, 0xb0, 0xb8, 
	0xa8, 0xc0, 0xa0, 0xb8, 0xd0, 0xd8, 0xe8, 0xe0, 
	0xc0, 0xa8, 0xb0, 0xc0, 0xd0, 0xe0, 0xe0, 0xd8, 
	0xe0, 0xd8, 0xe0, 0xd0, 0xb0, 0xb8, 0xd0, 0xc8, 
	0xd8, 0xc8, 0xc8, 0xd8, 0xc8, 0xb8, 0xb0, 0xc0, 
	0xc0, 0xe0, 0xc8, 0xc8, 0xe0, 0xe0, 0xe0, 0xc8, 
	0xb0, 0xa0, 0xa8, 0xb0, 0xd0, 0xe0, 0xd8, 0xd8, 
	0xd8, 0xe0, 0xe0, 0xd8, 0xd8, 0xe0, 0xe8, 0xe0, 
	0xd0, 0xc0, 0xb8, 0xb8, 0xb0, 0xa8, 0xb0, 0xc0, 
	0xc0, 0xe8, 0xd0, 0xe0, 0xe8, 0xe0, 0xd8, 0xc0, 
	0xa8, 0xa8, 0xa0, 0xb0, 0xc8, 0xe0, 0xd8, 0xd8, 
	0xe0, 0xd8, 0xd8, 0xe0, 0xd8, 0xe0, 0xd8, 0xd8, 
	0xb0, 0xb0, 0xa0, 0x98, 0x98, 0x98, 0xb0, 0xc0, 
	0xb8, 0xe8, 0xe0, 0xe0, 0xe8, 0xd8, 0xc8, 0xb0, 
	0xa0, 0xa8, 0xa0, 0xb8, 0xc8, 0xe8, 0xf0, 0xe8, 
	0xd8, 0xe0, 0xe0, 0xe0, 0xd8, 0xe0, 0xd0, 0xb8, 
	0xa0, 0xa0, 0x98, 0x98, 0xa0, 0xa0, 0xb8, 0xc8, 
	0xb8, 0xe0, 0xe0, 0xd8, 0xe0, 0xd0, 0xc8, 0xb0, 
	0xa0, 0xb0, 0xb0, 0xc0, 0xc8, 0xe0, 0xf0, 0xe8, 
	0xe0, 0xe0, 0xe0, 0xd0, 0xc0, 0xd8, 0xb0, 0xa8, 
	0xa0, 0xa0, 0x98, 0xa0, 0xb0, 0xb8, 0xc8, 0xd8, 
	0xc0, 0xd0, 0xe0, 0xd0, 0xd8, 0xd8, 0xc8, 0xb8, 
	0xa8, 0xb8, 0xc8, 0xd0, 0xd0, 0xe8, 0xf0, 0xf0, 
	0xe8, 0xe8, 0xe0, 0xc0, 0xb0, 0xd8, 0xa8, 0xa0, 
	0xb0, 0xa0, 0xa0, 0xb0, 0xb8, 0xc0, 0xd8, 0xe8, 
	0xc8, 0xc8, 0xd8, 0xc8, 0xd0, 0xd8, 0xc8, 0xa8, 
	0xa8, 0xc0, 0xc8, 0xd0, 0xc8, 0xe8, 0xe8, 0xf0, 
	0xf0, 0xf0, 0xf0, 0xd8, 0xb8, 0xd0, 0xb8, 0xb0, 
	0xc8, 0xc0, 0xa8, 0xb8, 0xc0, 0xc0, 0xd8, 0xf0, 
	0xe0, 0xd0, 0xd0, 0xb8, 0xc8, 0xd8, 0xc8, 0xa0, 
	0xc0, 0xd8, 0xc8, 0xd8, 0xd0, 0xe8, 0xe0, 0xe8, 
	0xf8, 0xe8, 0xf0, 0xf0, 0xc8, 0xc8, 0xd8, 0xc8, 
	0xd8, 0xe8, 0xc8, 0xd0, 0xb8, 0xc0, 0xd0, 0xf8, 
	0xf0, 0xe0, 0xd8, 0xb0, 0xc8, 0xd0, 0xb0, 0xb0, 
	0xc8, 0xe0, 0xd0, 0xd8, 0xe0, 0xf0, 0xe8, 0xf8, 
	0xf8, 0xf0, 0xf8, 0xf0, 0xe8, 0xc8, 0xe8, 0xd0, 
	0xe0, 0xe8, 0xc8, 0xd8, 0xb8, 0xd0, 0xd0, 0xf0, 
	0xf8, 0xe8, 0xd0, 0xb0, 0xc0, 0xc8, 0xb0, 0xd0, 
	0xd0, 0xe0, 0xd0, 0xe0, 0xd8, 0xe8, 0xe0, 0xf8, 
	0xf8, 0xf8, 0xf8, 0xf8, 0xe8, 0xd0, 0xe8, 0xe8, 
	0xe0, 0xe0, 0xc0, 0xd0, 0xc8, 0xd8, 0xd8, 0xd8, 
	0xf0, 0xf0, 0xd0, 0xa8, 0xb8, 0xc8, 0xb8, 0xd0, 
	0xd8, 0xe0, 0xd8, 0xe8, 0xe0, 0xe8, 0xe0, 0xe8, 
	0xe8, 0xf8, 0xd8, 0xc8, 0xd8, 0xd0, 0xd8, 0xf8, 
	0xe0, 0xe0, 0xb8, 0xc8, 0xd0, 0xe0, 0xd8, 0xd8, 
	0xf0, 0xe8, 0xd0, 0xb0, 0xb8, 0xd0, 0xc8, 0xd8, 
	0xd8, 0xe8, 0xe8, 0xf0, 0xe8, 0xe8, 0xe8, 0xe8, 
	0xd8, 0xd8, 0xb0, 0xb0, 0xd8, 0xe0, 0xd8, 0xe8, 
	0xe0, 0xe0, 0xb8, 0xb8, 0xd8, 0xe8, 0xd8, 0xd8, 
	0xe0, 0xe8, 0xd8, 0xc8, 0xc0, 0xd8, 0xd0, 0xe0, 
	0xe0, 0xe8, 0xe8, 0xf0, 0xe8, 0xe8, 0xe8, 0xf0, 
	0xe0, 0xc8, 0xb8, 0xc8, 0xe8, 0xf8, 0xf0, 0xd8, 
	0xe8, 0xe8, 0xc8, 0xb0, 0xd0, 0xe0, 0xc8, 0xd0, 
	0xd8, 0xe8, 0xe0, 0xe0, 0xd0, 0xe0, 0xe8, 0xf0, 
	0xe8, 0xe8, 0xe8, 0xf0, 0xe8, 0xe0, 0xe0, 0xe8, 
	0xe8, 0xc8, 0xb8, 0xd8, 0xf8, 0xf8, 0xf8, 0xf0, 
	0xf0, 0xf0, 0xe8, 0xc0, 0xb8, 0xd0, 0xb8, 0xc0, 
	0xd0, 0xe0, 0xe8, 0xf0, 0xe0, 0xe0, 0xf0, 0xf0, 
	0xf0, 0xf0, 0xf0, 0xe8, 0xe8, 0xd0, 0xc0, 0xd0, 
	0xd8, 0xd0, 0xc8, 0xd8, 0xf0, 0xe8, 0xf0, 0xf0, 
	0xf0, 0xf0, 0xe8, 0xd0, 0xc0, 0xc8, 0xa8, 0xa8, 
	0xc8, 0xe0, 0xd8, 0xe8, 0xe8, 0xe8, 0xe8, 0xe8, 
	0xf8, 0xe0, 0xe8, 0xe8, 0xe0, 0xc8, 0xb0, 0xb0, 
	0xc8, 0xd8, 0xe8, 0xe0, 0xe8, 0xe8, 0xe8, 0xe8, 
	0xe8, 0xe8, 0xd8, 0xd8, 0xc8, 0xc0, 0xa8, 0xb0, 
	0xc0, 0xe0, 0xb0, 0xe0, 0xf0, 0xe8, 0xe8, 0xc8, 
	0xe8, 0xd0, 0xd8, 0xe0, 0xd8, 0xc0, 0xb0, 0xa8, 
	0xb8, 0xd8, 0xe0, 0xd8, 0xe0, 0xe0, 0xe0, 0xe8, 
	0xe0, 0xe0, 0xd0, 0xd8, 0xc8, 0xc0, 0xb0, 0xd0, 
	0xc8, 0xe0, 0xa8, 0xe0, 0xe8, 0xe0, 0xe0, 0xd0, 
	0xd0, 0xd0, 0xd0, 0xd8, 0xd0, 0xc0, 0xb8, 0xb0, 
	0xc0, 0xd8, 0xe0, 0xe0, 0xd8, 0xd0, 0xd0, 0xd8, 
	0xd0, 0xd0, 0xd0, 0xb8, 0xb0, 0xb8, 0xb8, 0xe0, 
	0xd8, 0xe0, 0xc8, 0xd8, 0xd0, 0xd0, 0xd8, 0xd8, 
	0xd0, 0xd0, 0xc8, 0xc8, 0xc0, 0xc0, 0xc0, 0xc0, 
	0xc0, 0xd0, 0xd8, 0xd8, 0xd0, 0xc8, 0xc0, 0xc8, 
	
};

Gfx owl_tex_5000A20_edit_ci8_aligner[] = {gsSPEndDisplayList()};
u8 owl_tex_5000A20_edit_ci8[] = {
	0x00, 0x00, 0x00, 0x00, 0x00, 0x00, 0x00, 0x00, 
	0x00, 0x00, 0x00, 0x00, 0x00, 0x00, 0x00, 0x00, 
	0x00, 0x00, 0x00, 0x00, 0x00, 0x00, 0x00, 0x00, 
	0x00, 0x00, 0x00, 0x00, 0x00, 0x00, 0x00, 0x00, 
	0x00, 0x00, 0x00, 0x00, 0x00, 0x00, 0x00, 0x00, 
	0x00, 0x00, 0x00, 0x00, 0x00, 0x00, 0x00, 0x00, 
	0x00, 0x00, 0x00, 0x00, 0x00, 0x00, 0x00, 0x00, 
	0x00, 0x00, 0x00, 0x00, 0x00, 0x00, 0x00, 0x00, 
	0x00, 0x00, 0x00, 0x00, 0x00, 0x00, 0x00, 0x00, 
	0x00, 0x00, 0x00, 0x00, 0x00, 0x00, 0x00, 0x00, 
	0x00, 0x00, 0x00, 0x00, 0x00, 0x00, 0x00, 0x00, 
	0x00, 0x00, 0x00, 0x00, 0x00, 0x00, 0x00, 0x00, 
	0x00, 0x00, 0x00, 0x00, 0x00, 0x00, 0x00, 0x00, 
	0x00, 0x00, 0x00, 0x00, 0x00, 0x00, 0x00, 0x00, 
	0x00, 0x00, 0x00, 0x00, 0x00, 0x00, 0x00, 0x00, 
	0x00, 0x00, 0x00, 0x00, 0x00, 0x00, 0x00, 0x00, 
	0x00, 0x00, 0x00, 0x00, 0x00, 0x00, 0x00, 0x00, 
	0x00, 0x00, 0x00, 0x00, 0x00, 0x00, 0x00, 0x00, 
	0x00, 0x00, 0x00, 0x00, 0x00, 0x00, 0x00, 0x00, 
	0x00, 0x00, 0x00, 0x00, 0x00, 0x00, 0x00, 0x00, 
	0x00, 0x00, 0x00, 0x00, 0x00, 0x00, 0x00, 0x00, 
	0x00, 0x01, 0x01, 0x01, 0x02, 0x00, 0x00, 0x00, 
	0x00, 0x00, 0x00, 0x00, 0x03, 0x01, 0x01, 0x01, 
	0x00, 0x00, 0x00, 0x00, 0x00, 0x00, 0x00, 0x00, 
	0x00, 0x00, 0x00, 0x00, 0x00, 0x00, 0x00, 0x00, 
	0x01, 0x01, 0x01, 0x01, 0x01, 0x01, 0x04, 0x00, 
	0x00, 0x00, 0x01, 0x01, 0x01, 0x05, 0x06, 0x02, 
	0x01, 0x01, 0x00, 0x00, 0x00, 0x00, 0x00, 0x00, 
	0x00, 0x00, 0x00, 0x00, 0x00, 0x00, 0x01, 0x01, 
	0x02, 0x07, 0x08, 0x07, 0x09, 0x05, 0x01, 0x0a, 
	0x00, 0x0b, 0x01, 0x08, 0x0c, 0x08, 0x0d, 0x0c, 
	0x09, 0x03, 0x01, 0x00, 0x00, 0x00, 0x00, 0x00, 
	0x00, 0x00, 0x00, 0x00, 0x00, 0x01, 0x01, 0x07, 
	0x0e, 0x0d, 0x0f, 0x0f, 0x09, 0x09, 0x0c, 0x01, 
	0x01, 0x01, 0x0b, 0x0c, 0x10, 0x07, 0x07, 0x07, 
	0x09, 0x09, 0x06, 0x01, 0x00, 0x00, 0x00, 0x00, 
	0x00, 0x00, 0x00, 0x00, 0x01, 0x03, 0x11, 0x0d, 
	0x10, 0x07, 0x07, 0x07, 0x09, 0x09, 0x0d, 0x0d, 
	0x12, 0x08, 0x0d, 0x07, 0x07, 0x0f, 0x07, 0x07, 
	0x09, 0x09, 0x11, 0x0f, 0x01, 0x00, 0x00, 0x00, 
	0x00, 0x00, 0x00, 0x01, 0x03, 0x13, 0x14, 0x0f, 
	0x14, 0x15, 0x0f, 0x0f, 0x09, 0x09, 0x07, 0x14, 
	0x0f, 0x0d, 0x07, 0x07, 0x0f, 0x10, 0x0b, 0x15, 
	0x09, 0x09, 0x0d, 0x13, 0x0a, 0x01, 0x00, 0x00, 
	0x00, 0x00, 0x01, 0x01, 0x16, 0x0d, 0x17, 0x05, 
	0x07, 0x0c, 0x18, 0x07, 0x09, 0x09, 0x07, 0x08, 
	0x0d, 0x0f, 0x07, 0x0c, 0x12, 0x03, 0x19, 0x1a, 
	0x01, 0x01, 0x0a, 0x0f, 0x13, 0x01, 0x01, 0x00, 
	0x00, 0x01, 0x01, 0x1b, 0x0a, 0x01, 0x01, 0x01, 
	0x1c, 0x02, 0x01, 0x04, 0x1d, 0x1c, 0x03, 0x04, 
	0x0b, 0x04, 0x02, 0x1e, 0x1f, 0x20, 0x01, 0x21, 
	0x22, 0x23, 0x01, 0x01, 0x01, 0x24, 0x01, 0x00, 
	0x00, 0x01, 0x25, 0x02, 0x01, 0x07, 0x26, 0x27, 
	0x28, 0x01, 0x29, 0x2a, 0x01, 0x2b, 0x2c, 0x01, 
	0x01, 0x01, 0x2d, 0x01, 0x2e, 0x2f, 0x30, 0x31, 
	0x27, 0x27, 0x27, 0x27, 0x32, 0x01, 0x01, 0x00, 
	0x00, 0x01, 0x01, 0x33, 0x27, 0x27, 0x27, 0x27, 
	0x01, 0x34, 0x35, 0x36, 0x01, 0x37, 0x27, 0x27, 
	0x01, 0x27, 0x27, 0x01, 0x01, 0x38, 0x29, 0x01, 
	0x39, 0x27, 0x27, 0x27, 0x27, 0x01, 0x01, 0x00, 
	0x00, 0x01, 0x01, 0x39, 0x27, 0x27, 0x27, 0x27, 
	0x01, 0x3a, 0x35, 0x36, 0x01, 0x01, 0x3b, 0x01, 
	0x3c, 0x3d, 0x01, 0x01, 0x3e, 0x3f, 0x29, 0x01, 
	0x40, 0x27, 0x27, 0x27, 0x27, 0x41, 0x01, 0x00, 
	0x00, 0x01, 0x01, 0x27, 0x27, 0x27, 0x27, 0x27, 
	0x01, 0x29, 0x29, 0x42, 0x43, 0x01, 0x01, 0x44, 
	0x45, 0x46, 0x01, 0x01, 0x42, 0x47, 0x29, 0x01, 
	0x48, 0x27, 0x27, 0x27, 0x27, 0x49, 0x01, 0x00, 
	0x00, 0x01, 0x01, 0x27, 0x27, 0x27, 0x27, 0x27, 
	0x01, 0x4a, 0x29, 0x4b, 0x42, 0x4c, 0x4d, 0x4e, 
	0x01, 0x4f, 0x50, 0x42, 0x51, 0x29, 0x29, 0x01, 
	0x52, 0x27, 0x27, 0x27, 0x27, 0x27, 0x01, 0x00, 
	0x00, 0x01, 0x01, 0x27, 0x27, 0x27, 0x27, 0x27, 
	0x01, 0x01, 0x29, 0x29, 0x29, 0x29, 0x53, 0x01, 
	0x01, 0x3d, 0x29, 0x29, 0x29, 0x29, 0x54, 0x01, 
	0x27, 0x27, 0x27, 0x27, 0x27, 0x27, 0x01, 0x00, 
	0x00, 0x01, 0x01, 0x27, 0x27, 0x27, 0x27, 0x27, 
	0x55, 0x01, 0x01, 0x56, 0x57, 0x01, 0x58, 0x59, 
	0x5a, 0x5b, 0x01, 0x01, 0x5c, 0x5d, 0x01, 0x01, 
	0x27, 0x27, 0x27, 0x27, 0x27, 0x27, 0x01, 0x00, 
	0x00, 0x01, 0x01, 0x5e, 0x27, 0x27, 0x27, 0x27, 
	0x27, 0x5f, 0x01, 0x01, 0x01, 0x60, 0x27, 0x01, 
	0x00, 0x01, 0x27, 0x5b, 0x01, 0x01, 0x61, 0x27, 
	0x27, 0x27, 0x27, 0x27, 0x27, 0x62, 0x01, 0x00, 
	0x00, 0x01, 0x01, 0x63, 0x27, 0x27, 0x27, 0x27, 
	0x27, 0x27, 0x27, 0x27, 0x27, 0x27, 0x01, 0x01, 
	0x00, 0x01, 0x5f, 0x27, 0x27, 0x27, 0x27, 0x27, 
	0x27, 0x27, 0x27, 0x27, 0x27, 0x01, 0x01, 0x00, 
	0x00, 0x00, 0x01, 0x01, 0x64, 0x27, 0x27, 0x27, 
	0x27, 0x27, 0x27, 0x27, 0x27, 0x65, 0x01, 0x00, 
	0x00, 0x00, 0x01, 0x27, 0x27, 0x27, 0x27, 0x27, 
	0x27, 0x27, 0x27, 0x27, 0x01, 0x01, 0x01, 0x00, 
	0x00, 0x00, 0x01, 0x01, 0x01, 0x66, 0x27, 0x27, 
	0x27, 0x27, 0x27, 0x27, 0x67, 0x01, 0x00, 0x00, 
	0x00, 0x00, 0x01, 0x01, 0x27, 0x27, 0x27, 0x27, 
	0x27, 0x27, 0x27, 0x68, 0x01, 0x01, 0x00, 0x00, 
	0x00, 0x00, 0x00, 0x01, 0x01, 0x01, 0x01, 0x69, 
	0x6a, 0x6b, 0x01, 0x01, 0x01, 0x00, 0x00, 0x00, 
	0x00, 0x00, 0x00, 0x01, 0x01, 0x01, 0x6c, 0x64, 
	0x6d, 0x01, 0x01, 0x01, 0x01, 0x00, 0x00, 0x00, 
	0x00, 0x00, 0x00, 0x00, 0x00, 0x01, 0x01, 0x01, 
	0x01, 0x01, 0x01, 0x00, 0x00, 0x00, 0x00, 0x00, 
	0x00, 0x00, 0x00, 0x00, 0x00, 0x01, 0x01, 0x01, 
	0x01, 0x01, 0x01, 0x01, 0x00, 0x00, 0x00, 0x00, 
	0x00, 0x00, 0x00, 0x00, 0x00, 0x00, 0x00, 0x00, 
	0x00, 0x00, 0x00, 0x00, 0x00, 0x00, 0x00, 0x00, 
	0x00, 0x00, 0x00, 0x00, 0x00, 0x00, 0x00, 0x00, 
	0x00, 0x00, 0x00, 0x00, 0x00, 0x00, 0x00, 0x00, 
	0x00, 0x00, 0x00, 0x00, 0x00, 0x00, 0x00, 0x00, 
	0x00, 0x00, 0x00, 0x00, 0x00, 0x00, 0x00, 0x00, 
	0x00, 0x00, 0x00, 0x00, 0x00, 0x00, 0x00, 0x00, 
	0x00, 0x00, 0x00, 0x00, 0x00, 0x00, 0x00, 0x00, 
	0x00, 0x00, 0x00, 0x00, 0x00, 0x00, 0x00, 0x00, 
	0x00, 0x00, 0x00, 0x00, 0x00, 0x00, 0x00, 0x00, 
	0x00, 0x00, 0x00, 0x00, 0x00, 0x00, 0x00, 0x00, 
	0x00, 0x00, 0x00, 0x00, 0x00, 0x00, 0x00, 0x00, 
	0x00, 0x00, 0x00, 0x00, 0x00, 0x00, 0x00, 0x00, 
	0x00, 0x00, 0x00, 0x00, 0x00, 0x00, 0x00, 0x00, 
	0x00, 0x00, 0x00, 0x00, 0x00, 0x00, 0x00, 0x00, 
	0x00, 0x00, 0x00, 0x00, 0x00, 0x00, 0x00, 0x00, 
	0x00, 0x00, 0x00, 0x00, 0x00, 0x00, 0x00, 0x00, 
	0x00, 0x00, 0x00, 0x00, 0x00, 0x00, 0x00, 0x00, 
	0x00, 0x00, 0x00, 0x00, 0x00, 0x00, 0x00, 0x00, 
	0x00, 0x00, 0x00, 0x00, 0x00, 0x00, 0x00, 0x00, 
	0x00, 0x00, 0x00, 0x00, 0x00, 0x00, 0x00, 0x00, 
	0x00, 0x00, 0x00, 0x00, 0x00, 0x00, 0x00, 0x00, 
	0x00, 0x00, 0x00, 0x00, 0x00, 0x00, 0x00, 0x00, 
	0x00, 0x00, 0x00, 0x00, 0x00, 0x00, 0x00, 0x00, 
	
};

Gfx owl_tex_5000A20_edit_pal_rgba16_aligner[] = {gsSPEndDisplayList()};
u8 owl_tex_5000A20_edit_pal_rgba16[] = {
	0x61, 0x05, 0x00, 0x01, 0x08, 0x01, 0x10, 0x01, 
	0x20, 0x01, 0x30, 0x41, 0x30, 0x81, 0x38, 0xc1, 
	0x41, 0x01, 0xa4, 0x5b, 0x18, 0x01, 0x49, 0x41, 
	0x49, 0x43, 0x41, 0x03, 0x51, 0x83, 0x39, 0x01, 
	0x30, 0xc1, 0x51, 0x43, 0x28, 0x41, 0x59, 0x83, 
	0x39, 0x03, 0x40, 0xc1, 0x62, 0x03, 0x41, 0x41, 
	0x20, 0x03, 0x38, 0x81, 0x30, 0x01, 0x61, 0xc3, 
	0x38, 0x41, 0x51, 0x41, 0x28, 0x01, 0x40, 0x85, 
	0x93, 0xc1, 0x4a, 0x13, 0xff, 0xf9, 0xa4, 0x5d, 
	0x61, 0x81, 0x59, 0x01, 0xb5, 0x23, 0xff, 0xff, 
	0x5b, 0x27, 0xff, 0xc1, 0x4a, 0x4d, 0x28, 0xc3, 
	0x83, 0x0f, 0xbd, 0xa7, 0x00, 0x8b, 0xff, 0xc9, 
	0x63, 0x41, 0x00, 0x07, 0x28, 0x81, 0x31, 0x49, 
	0x52, 0xc1, 0xff, 0xc5, 0x00, 0x0f, 0x4b, 0x1d, 
	0x9c, 0x8d, 0xf7, 0xff, 0xe6, 0x81, 0x08, 0x8f, 
	0x18, 0xc1, 0x00, 0x03, 0x10, 0x87, 0x42, 0x0d, 
	0x21, 0x57, 0x08, 0x45, 0x00, 0x11, 0x08, 0x49, 
	0x10, 0x81, 0x21, 0x07, 0x20, 0xc1, 0x6b, 0x09, 
	0x21, 0x19, 0xce, 0x73, 0x83, 0x81, 0xbd, 0x45, 
	0x18, 0xd3, 0xef, 0x0b, 0x39, 0xc1, 0x8c, 0x45, 
	0x94, 0x4f, 0x18, 0x4d, 0x5a, 0xdf, 0x5a, 0x81, 
	0x9c, 0x41, 0xde, 0xf3, 0x9c, 0x81, 0x5a, 0xc1, 
	0x00, 0x25, 0x21, 0x0f, 0x94, 0xa1, 0x00, 0x17, 
	0xad, 0x41, 0x41, 0xc1, 0xad, 0x6b, 0xff, 0xfd, 
	0xef, 0x7f, 0x31, 0x93, 0x5a, 0xd7, 0x08, 0x43, 
	0x8c, 0x63, 0x42, 0x0f, 0xbd, 0xef, 0x39, 0xcf, 
	0x31, 0x8d, 0x18, 0xc7, 0x94, 0xa5, 0x6b, 0x5b, 
	0x4a, 0x53, 0x63, 0x19, 
};

Gfx owl_tex_5001E50_ci8_aligner[] = {gsSPEndDisplayList()};
u8 owl_tex_5001E50_ci8[] = {
	0x00, 0x00, 0x00, 0x00, 0x00, 0x00, 0x00, 0x00, 
	0x00, 0x00, 0x00, 0x00, 0x00, 0x00, 0x00, 0x00, 
	0x00, 0x00, 0x00, 0x00, 0x00, 0x00, 0x00, 0x00, 
	0x00, 0x00, 0x00, 0x00, 0x00, 0x00, 0x00, 0x00, 
	0x00, 0x00, 0x00, 0x00, 0x00, 0x00, 0x00, 0x00, 
	0x00, 0x00, 0x00, 0x00, 0x00, 0x00, 0x00, 0x00, 
	0x00, 0x00, 0x00, 0x00, 0x00, 0x00, 0x00, 0x00, 
	0x00, 0x00, 0x00, 0x00, 0x00, 0x00, 0x00, 0x00, 
	0x00, 0x00, 0x00, 0x00, 0x00, 0x00, 0x00, 0x00, 
	0x00, 0x00, 0x00, 0x00, 0x00, 0x00, 0x00, 0x00, 
	0x00, 0x00, 0x00, 0x00, 0x00, 0x00, 0x00, 0x00, 
	0x00, 0x00, 0x00, 0x00, 0x00, 0x00, 0x00, 0x00, 
	0x00, 0x00, 0x00, 0x00, 0x00, 0x00, 0x00, 0x00, 
	0x00, 0x00, 0x00, 0x00, 0x00, 0x00, 0x00, 0x00, 
	0x00, 0x00, 0x00, 0x00, 0x00, 0x00, 0x00, 0x00, 
	0x00, 0x00, 0x00, 0x00, 0x00, 0x00, 0x00, 0x00, 
	0x00, 0x00, 0x00, 0x00, 0x00, 0x00, 0x00, 0x00, 
	0x00, 0x00, 0x00, 0x00, 0x00, 0x00, 0x00, 0x00, 
	0x00, 0x00, 0x00, 0x00, 0x00, 0x00, 0x00, 0x00, 
	0x00, 0x00, 0x00, 0x00, 0x00, 0x00, 0x01, 0x02, 
	0x00, 0x00, 0x00, 0x00, 0x00, 0x00, 0x00, 0x00, 
	0x00, 0x00, 0x00, 0x00, 0x00, 0x00, 0x00, 0x00, 
	0x00, 0x00, 0x00, 0x00, 0x00, 0x00, 0x00, 0x00, 
	0x00, 0x00, 0x00, 0x00, 0x02, 0x03, 0x04, 0x05, 
	0x00, 0x00, 0x00, 0x00, 0x00, 0x06, 0x07, 0x08, 
	0x09, 0x00, 0x00, 0x00, 0x00, 0x00, 0x00, 0x00, 
	0x00, 0x00, 0x00, 0x00, 0x00, 0x00, 0x00, 0x00, 
	0x00, 0x03, 0x0a, 0x02, 0x05, 0x01, 0x05, 0x05, 
	0x00, 0x00, 0x00, 0x00, 0x0a, 0x0b, 0x0a, 0x0a, 
	0x07, 0x0b, 0x0c, 0x00, 0x00, 0x00, 0x00, 0x00, 
	0x00, 0x00, 0x00, 0x00, 0x00, 0x00, 0x00, 0x07, 
	0x0d, 0x05, 0x01, 0x01, 0x05, 0x05, 0x01, 0x01, 
	0x00, 0x00, 0x00, 0x07, 0x07, 0x03, 0x03, 0x03, 
	0x03, 0x03, 0x07, 0x0b, 0x0b, 0x00, 0x00, 0x00, 
	0x00, 0x00, 0x00, 0x0e, 0x0b, 0x07, 0x02, 0x01, 
	0x01, 0x05, 0x05, 0x05, 0x05, 0x05, 0x05, 0x01, 
	0x00, 0x00, 0x0b, 0x0a, 0x0d, 0x03, 0x0a, 0x0a, 
	0x03, 0x03, 0x03, 0x0a, 0x07, 0x0b, 0x0f, 0x00, 
	0x00, 0x0b, 0x0b, 0x0a, 0x04, 0x05, 0x01, 0x01, 
	0x05, 0x05, 0x05, 0x05, 0x05, 0x01, 0x01, 0x01, 
	0x00, 0x0f, 0x04, 0x04, 0x02, 0x0d, 0x03, 0x03, 
	0x0a, 0x0a, 0x03, 0x03, 0x0d, 0x03, 0x0f, 0x07, 
	0x08, 0x0f, 0x0d, 0x05, 0x01, 0x05, 0x05, 0x05, 
	0x05, 0x05, 0x05, 0x05, 0x05, 0x05, 0x01, 0x05, 
	0x02, 0x05, 0x05, 0x10, 0x04, 0x02, 0x0d, 0x0d, 
	0x0d, 0x03, 0x03, 0x03, 0x0d, 0x02, 0x0d, 0x0a, 
	0x0a, 0x03, 0x10, 0x01, 0x05, 0x05, 0x05, 0x05, 
	0x01, 0x01, 0x05, 0x01, 0x01, 0x01, 0x01, 0x01, 
	0x05, 0x05, 0x05, 0x05, 0x10, 0x10, 0x04, 0x04, 
	0x02, 0x0a, 0x0a, 0x03, 0x04, 0x02, 0x0f, 0x0a, 
	0x02, 0x05, 0x01, 0x05, 0x05, 0x05, 0x01, 0x05, 
	0x01, 0x05, 0x01, 0x01, 0x01, 0x05, 0x01, 0x01, 
	0x05, 0x05, 0x05, 0x05, 0x05, 0x05, 0x05, 0x10, 
	0x10, 0x02, 0x03, 0x02, 0x05, 0x10, 0x04, 0x10, 
	0x01, 0x05, 0x05, 0x05, 0x05, 0x05, 0x05, 0x05, 
	0x05, 0x05, 0x05, 0x01, 0x05, 0x01, 0x01, 0x01, 
	0x05, 0x05, 0x05, 0x05, 0x05, 0x11, 0x12, 0x05, 
	0x10, 0x05, 0x05, 0x05, 0x05, 0x05, 0x01, 0x01, 
	0x05, 0x05, 0x05, 0x05, 0x05, 0x05, 0x01, 0x05, 
	0x05, 0x01, 0x01, 0x01, 0x01, 0x01, 0x01, 0x01, 
	0x05, 0x05, 0x05, 0x05, 0x05, 0x12, 0x13, 0x14, 
	0x05, 0x05, 0x05, 0x05, 0x05, 0x05, 0x05, 0x05, 
	0x05, 0x05, 0x05, 0x05, 0x01, 0x05, 0x05, 0x01, 
	0x01, 0x01, 0x01, 0x01, 0x01, 0x01, 0x01, 0x05, 
	0x05, 0x05, 0x05, 0x05, 0x05, 0x01, 0x15, 0x16, 
	0x01, 0x05, 0x05, 0x01, 0x05, 0x05, 0x05, 0x05, 
	0x05, 0x05, 0x05, 0x05, 0x01, 0x01, 0x01, 0x01, 
	0x01, 0x01, 0x01, 0x01, 0x05, 0x05, 0x05, 0x05, 
	0x05, 0x05, 0x05, 0x05, 0x05, 0x05, 0x15, 0x17, 
	0x05, 0x01, 0x14, 0x01, 0x01, 0x01, 0x05, 0x05, 
	0x05, 0x01, 0x01, 0x01, 0x01, 0x01, 0x01, 0x01, 
	0x01, 0x01, 0x01, 0x01, 0x05, 0x05, 0x05, 0x05, 
	0x05, 0x05, 0x01, 0x05, 0x05, 0x18, 0x19, 0x1a, 
	0x16, 0x17, 0x11, 0x01, 0x14, 0x01, 0x01, 0x01, 
	0x01, 0x01, 0x01, 0x01, 0x01, 0x01, 0x01, 0x01, 
	0x01, 0x01, 0x01, 0x01, 0x01, 0x05, 0x05, 0x05, 
	0x05, 0x01, 0x01, 0x10, 0x04, 0x1b, 0x1c, 0x1d, 
	0x19, 0x13, 0x14, 0x01, 0x11, 0x01, 0x01, 0x01, 
	0x01, 0x01, 0x01, 0x01, 0x01, 0x01, 0x01, 0x01, 
	0x01, 0x01, 0x01, 0x01, 0x01, 0x05, 0x01, 0x1e, 
	0x05, 0x14, 0x11, 0x01, 0x1f, 0x00, 0x00, 0x20, 
	0x21, 0x22, 0x05, 0x01, 0x17, 0x11, 0x01, 0x01, 
	0x01, 0x01, 0x01, 0x01, 0x01, 0x01, 0x01, 0x01, 
	0x01, 0x01, 0x01, 0x01, 0x01, 0x01, 0x01, 0x11, 
	0x05, 0x23, 0x24, 0x25, 0x00, 0x00, 0x00, 0x00, 
	0x26, 0x21, 0x18, 0x05, 0x13, 0x27, 0x01, 0x01, 
	0x01, 0x01, 0x01, 0x01, 0x01, 0x01, 0x01, 0x01, 
	0x01, 0x01, 0x14, 0x11, 0x17, 0x11, 0x01, 0x11, 
	0x14, 0x28, 0x29, 0x00, 0x00, 0x00, 0x00, 0x00, 
	0x00, 0x2a, 0x2b, 0x11, 0x17, 0x2c, 0x12, 0x05, 
	0x14, 0x14, 0x01, 0x01, 0x01, 0x14, 0x14, 0x01, 
	0x01, 0x05, 0x01, 0x2d, 0x16, 0x17, 0x11, 0x14, 
	0x11, 0x2e, 0x00, 0x00, 0x00, 0x00, 0x00, 0x00, 
	0x00, 0x2f, 0x30, 0x30, 0x31, 0x32, 0x11, 0x05, 
	0x14, 0x11, 0x11, 0x14, 0x05, 0x17, 0x16, 0x05, 
	0x11, 0x11, 0x01, 0x01, 0x11, 0x33, 0x34, 0x12, 
	0x05, 0x00, 0x00, 0x00, 0x00, 0x00, 0x00, 0x00, 
	0x00, 0x00, 0x35, 0x36, 0x2a, 0x18, 0x01, 0x01, 
	0x01, 0x11, 0x17, 0x11, 0x01, 0x05, 0x27, 0x10, 
	0x37, 0x38, 0x15, 0x14, 0x01, 0x01, 0x39, 0x3a, 
	0x22, 0x00, 0x00, 0x00, 0x00, 0x00, 0x00, 0x00, 
	0x00, 0x00, 0x00, 0x3b, 0x30, 0x3c, 0x2c, 0x28, 
	0x11, 0x01, 0x11, 0x17, 0x3d, 0x31, 0x3d, 0x14, 
	0x3e, 0x3f, 0x40, 0x41, 0x42, 0x43, 0x44, 0x45, 
	0x00, 0x00, 0x00, 0x00, 0x00, 0x00, 0x00, 0x00, 
	0x00, 0x00, 0x00, 0x00, 0x46, 0x30, 0x47, 0x48, 
	0x49, 0x13, 0x4a, 0x1a, 0x4b, 0x4c, 0x46, 0x48, 
	0x4d, 0x4e, 0x00, 0x00, 0x4f, 0x50, 0x51, 0x52, 
	0x00, 0x00, 0x00, 0x00, 0x00, 0x00, 0x00, 0x00, 
	0x00, 0x00, 0x00, 0x00, 0x00, 0x53, 0x47, 0x35, 
	0x46, 0x54, 0x55, 0x46, 0x46, 0x55, 0x56, 0x3b, 
	0x57, 0x00, 0x00, 0x00, 0x00, 0x00, 0x00, 0x00, 
	0x00, 0x00, 0x00, 0x00, 0x00, 0x00, 0x00, 0x00, 
	0x00, 0x00, 0x00, 0x00, 0x00, 0x00, 0x58, 0x54, 
	0x59, 0x59, 0x36, 0x59, 0x47, 0x53, 0x5a, 0x00, 
	0x00, 0x00, 0x00, 0x00, 0x00, 0x00, 0x00, 0x00, 
	0x00, 0x00, 0x00, 0x00, 0x00, 0x00, 0x00, 0x00, 
	0x00, 0x00, 0x00, 0x00, 0x00, 0x00, 0x00, 0x2a, 
	0x5b, 0x30, 0x54, 0x5c, 0x5d, 0x00, 0x00, 0x00, 
	0x00, 0x00, 0x00, 0x00, 0x00, 0x00, 0x00, 0x00, 
	0x00, 0x00, 0x00, 0x00, 0x00, 0x00, 0x00, 0x00, 
	0x00, 0x00, 0x00, 0x00, 0x00, 0x00, 0x00, 0x00, 
	0x00, 0x47, 0x59, 0x00, 0x00, 0x00, 0x00, 0x00, 
	0x00, 0x00, 0x00, 0x00, 0x00, 0x00, 0x00, 0x00, 
	0x00, 0x00, 0x00, 0x00, 0x00, 0x00, 0x00, 0x00, 
	0x00, 0x00, 0x00, 0x00, 0x00, 0x00, 0x00, 0x00, 
	0x00, 0x00, 0x00, 0x00, 0x00, 0x00, 0x00, 0x00, 
	0x00, 0x00, 0x00, 0x00, 0x00, 0x00, 0x00, 0x00, 
	
};

Gfx owl_tex_5001E50_pal_rgba16_aligner[] = {gsSPEndDisplayList()};
u8 owl_tex_5001E50_pal_rgba16[] = {
	0x00, 0x00, 0x60, 0x01, 0x40, 0x01, 0x30, 0x01, 
	0x48, 0x01, 0x58, 0x01, 0x79, 0xc9, 0x08, 0x01, 
	0x10, 0x01, 0x59, 0x49, 0x28, 0x01, 0x00, 0x01, 
	0x51, 0x09, 0x38, 0x01, 0x40, 0x85, 0x20, 0x01, 
	0x50, 0x01, 0x68, 0x41, 0x70, 0x41, 0x79, 0x01, 
	0x68, 0x01, 0x81, 0x41, 0x70, 0xc1, 0x70, 0x81, 
	0x9a, 0x45, 0xc4, 0x13, 0x9a, 0x47, 0xcc, 0x53, 
	0xff, 0x2d, 0xf6, 0x27, 0x60, 0x41, 0x78, 0x81, 
	0xee, 0x25, 0xee, 0x27, 0x92, 0x05, 0x79, 0x41, 
	0xa2, 0x87, 0xbb, 0xcf, 0xe5, 0xa1, 0x78, 0xc1, 
	0x89, 0xc1, 0xb3, 0x0b, 0xdd, 0xa3, 0xe5, 0xe5, 
	0x89, 0x81, 0x68, 0x81, 0x91, 0xc1, 0xe6, 0x29, 
	0xd5, 0x61, 0xab, 0x0d, 0x9a, 0x43, 0x81, 0x01, 
	0x99, 0xc1, 0xe5, 0xe7, 0xd5, 0xa5, 0x89, 0xc5, 
	0xc3, 0xd1, 0x91, 0x81, 0x91, 0x41, 0xdd, 0x61, 
	0xb3, 0x91, 0x89, 0x83, 0xcc, 0x59, 0xf6, 0x25, 
	0xdc, 0xd9, 0xa2, 0x01, 0x89, 0x41, 0x9a, 0x49, 
	0xc3, 0xd3, 0xc3, 0x8f, 0xd5, 0x1f, 0xd5, 0xa3, 
	0xd4, 0xdb, 0x92, 0x03, 0x9a, 0x05, 0xbb, 0x91, 
	0xe5, 0xa3, 0xed, 0xa1, 0xee, 0x29, 0xcb, 0xd1, 
	0xcb, 0x49, 0xdc, 0x97, 0xe5, 0x1d, 0xcc, 0xdd, 
	0xcd, 0x1f, 0xdd, 0xa5, 0xdd, 0xe5, 0xee, 0x6b, 
	0xcc, 0xdb, 0xdd, 0xe7, 0xd5, 0x63, 0xc4, 0x99, 
	0xc4, 0x9b, 0xcd, 0x61, 
};

Gfx owl_Texture0406_RGB_ci4_aligner[] = {gsSPEndDisplayList()};
u8 owl_Texture0406_RGB_ci4[] = {
	0x00, 0x00, 0x00, 0x00, 0x00, 0x00, 0x00, 0x00, 
	0x00, 0x00, 0x00, 0x00, 0x00, 0x00, 0x00, 0x00, 
	0x01, 0x11, 0x11, 0x11, 0x11, 0x11, 0x11, 0x11, 
	0x11, 0x11, 0x11, 0x11, 0x11, 0x11, 0x11, 0x10, 
	0x01, 0x22, 0x22, 0x22, 0x22, 0x22, 0x22, 0x22, 
	0x22, 0x22, 0x22, 0x22, 0x22, 0x22, 0x22, 0x10, 
	0x01, 0x23, 0x44, 0x44, 0x44, 0x44, 0x44, 0x44, 
	0x44, 0x44, 0x44, 0x44, 0x44, 0x44, 0x42, 0x10, 
	0x01, 0x25, 0x67, 0x77, 0x77, 0x77, 0x77, 0x77, 
	0x77, 0x77, 0x77, 0x77, 0x77, 0x77, 0x42, 0x10, 
	0x01, 0x25, 0x89, 0x99, 0x99, 0x99, 0x99, 0x99, 
	0x99, 0x99, 0x99, 0x99, 0x99, 0x97, 0x42, 0x10, 
	0x01, 0x25, 0x89, 0x99, 0x99, 0x99, 0x99, 0x99, 
	0x99, 0x99, 0x99, 0x99, 0x99, 0x97, 0x42, 0x10, 
	0x01, 0x25, 0x89, 0x99, 0x99, 0x99, 0x99, 0x99, 
	0x99, 0x99, 0x99, 0x99, 0x99, 0x97, 0x42, 0x10, 
	0x01, 0x25, 0x89, 0x99, 0x99, 0x99, 0x99, 0x99, 
	0x99, 0x99, 0x99, 0x99, 0x99, 0x97, 0x42, 0x10, 
	0x01, 0x25, 0x89, 0x99, 0x99, 0x99, 0x99, 0x99, 
	0x99, 0x99, 0x99, 0x99, 0x99, 0x97, 0x42, 0x10, 
	0x01, 0x25, 0x89, 0x99, 0x99, 0x99, 0x99, 0x99, 
	0x99, 0x99, 0x99, 0x99, 0x99, 0x97, 0x42, 0x10, 
	0x01, 0x25, 0x89, 0x99, 0x99, 0x99, 0x99, 0x99, 
	0x99, 0x99, 0x99, 0x99, 0x99, 0x97, 0x42, 0x10, 
	0x01, 0x25, 0x89, 0x99, 0x99, 0x99, 0x99, 0x99, 
	0x99, 0x99, 0x99, 0x99, 0x99, 0x97, 0x42, 0x10, 
	0x01, 0x25, 0x89, 0x99, 0x99, 0x99, 0x99, 0x99, 
	0x99, 0x99, 0x99, 0x99, 0x99, 0x97, 0x42, 0x10, 
	0x01, 0x25, 0x89, 0x99, 0x99, 0x99, 0x99, 0x99, 
	0x99, 0x99, 0x99, 0x99, 0x99, 0x97, 0x42, 0x10, 
	0x01, 0x25, 0x89, 0x99, 0x99, 0x99, 0x99, 0x99, 
	0x99, 0x99, 0x99, 0x99, 0x99, 0x97, 0x42, 0x10, 
	0x01, 0x25, 0x89, 0x99, 0x99, 0x99, 0x99, 0x99, 
	0x99, 0x99, 0x99, 0x99, 0x99, 0x97, 0x42, 0x10, 
	0x01, 0x25, 0x89, 0x99, 0x99, 0x99, 0x99, 0x99, 
	0x99, 0x99, 0x99, 0x99, 0x99, 0x97, 0x42, 0x10, 
	0x01, 0x25, 0x89, 0x99, 0x99, 0x99, 0x99, 0x99, 
	0x99, 0x99, 0x99, 0x99, 0x99, 0x97, 0x42, 0x10, 
	0x01, 0x25, 0x89, 0x99, 0x99, 0x99, 0x99, 0x99, 
	0x99, 0x99, 0x99, 0x99, 0x99, 0x97, 0x42, 0x10, 
	0x01, 0x25, 0x89, 0x99, 0x99, 0x99, 0x99, 0x99, 
	0x99, 0x99, 0x99, 0x99, 0x99, 0x97, 0x42, 0x10, 
	0x01, 0x25, 0x89, 0x99, 0x99, 0x99, 0x99, 0x99, 
	0x99, 0x99, 0x99, 0x99, 0x99, 0x97, 0x42, 0x10, 
	0x01, 0x25, 0x89, 0x99, 0x99, 0x99, 0x99, 0x99, 
	0x99, 0x99, 0x99, 0x99, 0x99, 0x97, 0x42, 0x10, 
	0x01, 0x25, 0x89, 0x99, 0x99, 0x99, 0x99, 0x99, 
	0x99, 0x99, 0x99, 0x99, 0x99, 0x97, 0x42, 0x10, 
	0x01, 0x25, 0x89, 0x99, 0x99, 0x99, 0x99, 0x99, 
	0x99, 0x99, 0x99, 0x99, 0x99, 0x97, 0x42, 0x10, 
	0x01, 0x25, 0x89, 0x99, 0x99, 0x99, 0x99, 0x99, 
	0x99, 0x99, 0x99, 0x99, 0x99, 0x97, 0x42, 0x10, 
	0x01, 0x25, 0x89, 0x99, 0x99, 0x99, 0x99, 0x99, 
	0x99, 0x99, 0x99, 0x99, 0x99, 0x97, 0x42, 0x10, 
	0x01, 0x25, 0x88, 0x88, 0x88, 0x88, 0x88, 0x88, 
	0x88, 0x88, 0x88, 0x88, 0x88, 0x86, 0x42, 0x10, 
	0x01, 0x25, 0x55, 0x55, 0x55, 0x55, 0x55, 0x55, 
	0x55, 0x55, 0x55, 0x55, 0x55, 0x55, 0x32, 0x10, 
	0x01, 0x22, 0x22, 0x22, 0x22, 0x22, 0x22, 0x22, 
	0x22, 0x22, 0x22, 0x22, 0x22, 0x22, 0x22, 0x10, 
	0x01, 0x11, 0x11, 0x11, 0x11, 0x11, 0x11, 0x11, 
	0x11, 0x11, 0x11, 0x11, 0x11, 0x11, 0x11, 0x10, 
	0x00, 0x00, 0x00, 0x00, 0x00, 0x00, 0x00, 0x00, 
	0x00, 0x00, 0x00, 0x00, 0x00, 0x00, 0x00, 0x00, 
	
};

Gfx owl_Texture0406_RGB_pal_rgba16_aligner[] = {gsSPEndDisplayList()};
u8 owl_Texture0406_RGB_pal_rgba16[] = {
	0x94, 0xa5, 0x31, 0x8d, 0x00, 0x01, 0x92, 0x4b, 
	0xf7, 0xbd, 0x50, 0x01, 0xec, 0xcb, 0xf6, 0xd9, 
	0xba, 0xc1, 0xf5, 0xc1, 
};

Gfx owl_vertexColors_hoot_ci4_aligner[] = {gsSPEndDisplayList()};
u8 owl_vertexColors_hoot_ci4[] = {
	0x00, 0x00, 0x11, 0x11, 0x22, 0x22, 0x33, 0x33, 
	0x44, 0x44, 0x55, 0x55, 0x66, 0x66, 0x77, 0x77, 
	0x88, 0x88, 0x99, 0x99, 0xaa, 0xaa, 0xbb, 0xbb, 
	0xcc, 0xcc, 0xdd, 0xdd, 0xee, 0xee, 0xff, 0xff, 
	0x00, 0x00, 0x11, 0x11, 0x22, 0x22, 0x33, 0x33, 
	0x44, 0x44, 0x55, 0x55, 0x66, 0x66, 0x77, 0x77, 
	0x88, 0x88, 0x99, 0x99, 0xaa, 0xaa, 0xbb, 0xbb, 
	0xcc, 0xcc, 0xdd, 0xdd, 0xee, 0xee, 0xff, 0xff, 
	0x00, 0x00, 0x11, 0x11, 0x22, 0x22, 0x33, 0x33, 
	0x44, 0x44, 0x55, 0x55, 0x66, 0x66, 0x77, 0x77, 
	0x88, 0x88, 0x99, 0x99, 0xaa, 0xaa, 0xbb, 0xbb, 
	0xcc, 0xcc, 0xdd, 0xdd, 0xee, 0xee, 0xff, 0xff, 
	0x00, 0x00, 0x11, 0x11, 0x22, 0x22, 0x33, 0x33, 
	0x44, 0x44, 0x55, 0x55, 0x66, 0x66, 0x77, 0x77, 
	0x88, 0x88, 0x99, 0x99, 0xaa, 0xaa, 0xbb, 0xbb, 
	0xcc, 0xcc, 0xdd, 0xdd, 0xee, 0xee, 0xff, 0xff, 
	
};

Gfx owl_vertexColors_hoot_pal_rgba16_aligner[] = {gsSPEndDisplayList()};
u8 owl_vertexColors_hoot_pal_rgba16[] = {
	0xbb, 0x4f, 0x71, 0x47, 0x30, 0xc5, 0x20, 0x43, 
	0x61, 0x05, 0x18, 0x41, 0xff, 0x0b, 0x49, 0x8d, 
	0x41, 0xc3, 0x10, 0x83, 0x42, 0x11, 0x18, 0xc7, 
	0x08, 0x43, 0xdc, 0xd3, 0x39, 0x45, 0xff, 0xff, 
	
};

Gfx owl_tex_5002650_ci8_aligner[] = {gsSPEndDisplayList()};
u8 owl_tex_5002650_ci8[] = {
	0x00, 0x00, 0x00, 0x00, 0x00, 0x00, 0x00, 0x00, 
	0x00, 0x00, 0x00, 0x00, 0x00, 0x00, 0x00, 0x00, 
	0x00, 0x00, 0x00, 0x00, 0x00, 0x00, 0x00, 0x00, 
	0x00, 0x00, 0x00, 0x00, 0x00, 0x00, 0x00, 0x00, 
	0x00, 0x00, 0x00, 0x00, 0x00, 0x00, 0x00, 0x00, 
	0x00, 0x00, 0x00, 0x00, 0x00, 0x00, 0x00, 0x00, 
	0x00, 0x00, 0x00, 0x00, 0x00, 0x00, 0x00, 0x00, 
	0x00, 0x00, 0x00, 0x00, 0x00, 0x00, 0x00, 0x00, 
	0x00, 0x00, 0x00, 0x00, 0x00, 0x01, 0x02, 0x03, 
	0x03, 0x04, 0x00, 0x00, 0x00, 0x00, 0x00, 0x00, 
	0x00, 0x00, 0x00, 0x00, 0x00, 0x00, 0x00, 0x00, 
	0x00, 0x00, 0x00, 0x00, 0x00, 0x00, 0x00, 0x00, 
	0x00, 0x05, 0x01, 0x06, 0x01, 0x07, 0x01, 0x08, 
	0x04, 0x09, 0x01, 0x06, 0x06, 0x01, 0x00, 0x00, 
	0x00, 0x00, 0x00, 0x00, 0x00, 0x00, 0x00, 0x00, 
	0x00, 0x00, 0x00, 0x00, 0x00, 0x00, 0x00, 0x00, 
	0x0a, 0x04, 0x09, 0x09, 0x09, 0x09, 0x09, 0x02, 
	0x09, 0x09, 0x09, 0x07, 0x09, 0x09, 0x01, 0x06, 
	0x06, 0x00, 0x00, 0x00, 0x00, 0x00, 0x00, 0x00, 
	0x00, 0x00, 0x00, 0x00, 0x00, 0x00, 0x00, 0x00, 
	0x09, 0x09, 0x09, 0x09, 0x09, 0x07, 0x07, 0x07, 
	0x07, 0x09, 0x09, 0x09, 0x09, 0x09, 0x09, 0x09, 
	0x02, 0x08, 0x0b, 0x00, 0x00, 0x00, 0x00, 0x00, 
	0x00, 0x00, 0x00, 0x00, 0x00, 0x00, 0x00, 0x00, 
	0x09, 0x07, 0x07, 0x07, 0x07, 0x09, 0x09, 0x07, 
	0x07, 0x07, 0x07, 0x09, 0x09, 0x09, 0x09, 0x09, 
	0x09, 0x09, 0x04, 0x0c, 0x00, 0x00, 0x00, 0x00, 
	0x00, 0x00, 0x00, 0x00, 0x00, 0x00, 0x00, 0x00, 
	0x07, 0x07, 0x07, 0x07, 0x07, 0x07, 0x07, 0x07, 
	0x07, 0x07, 0x07, 0x07, 0x09, 0x09, 0x09, 0x0d, 
	0x09, 0x02, 0x02, 0x0e, 0x0f, 0x00, 0x00, 0x00, 
	0x00, 0x00, 0x00, 0x00, 0x00, 0x00, 0x00, 0x00, 
	0x07, 0x07, 0x07, 0x07, 0x07, 0x07, 0x07, 0x07, 
	0x07, 0x07, 0x07, 0x07, 0x07, 0x07, 0x09, 0x02, 
	0x10, 0x02, 0x04, 0x0d, 0x11, 0x12, 0x13, 0x00, 
	0x00, 0x00, 0x00, 0x00, 0x00, 0x00, 0x00, 0x00, 
	0x07, 0x07, 0x07, 0x07, 0x07, 0x07, 0x07, 0x07, 
	0x09, 0x09, 0x09, 0x09, 0x07, 0x07, 0x07, 0x09, 
	0x04, 0x14, 0x02, 0x0d, 0x15, 0x16, 0x17, 0x18, 
	0x19, 0x00, 0x00, 0x00, 0x00, 0x00, 0x00, 0x00, 
	0x07, 0x07, 0x07, 0x09, 0x09, 0x07, 0x07, 0x07, 
	0x09, 0x09, 0x09, 0x09, 0x02, 0x02, 0x09, 0x09, 
	0x04, 0x1a, 0x1b, 0x1c, 0x09, 0x1d, 0x1e, 0x1f, 
	0x20, 0x21, 0x22, 0x00, 0x00, 0x00, 0x00, 0x00, 
	0x07, 0x07, 0x07, 0x09, 0x02, 0x02, 0x09, 0x07, 
	0x07, 0x09, 0x09, 0x02, 0x02, 0x04, 0x02, 0x02, 
	0x09, 0x04, 0x23, 0x13, 0x24, 0x04, 0x25, 0x26, 
	0x27, 0x28, 0x29, 0x2a, 0x00, 0x00, 0x00, 0x00, 
	0x07, 0x07, 0x07, 0x09, 0x09, 0x02, 0x09, 0x09, 
	0x10, 0x1c, 0x10, 0x02, 0x02, 0x04, 0x04, 0x02, 
	0x02, 0x04, 0x1c, 0x2b, 0x2c, 0x2d, 0x02, 0x25, 
	0x2e, 0x2f, 0x1f, 0x30, 0x31, 0x00, 0x00, 0x00, 
	0x07, 0x07, 0x07, 0x07, 0x07, 0x09, 0x09, 0x09, 
	0x1a, 0x10, 0x14, 0x10, 0x04, 0x04, 0x04, 0x02, 
	0x10, 0x23, 0x32, 0x33, 0x34, 0x35, 0x36, 0x37, 
	0x22, 0x38, 0x39, 0x00, 0x00, 0x00, 0x00, 0x00, 
	0x09, 0x09, 0x09, 0x07, 0x07, 0x07, 0x07, 0x10, 
	0x10, 0x02, 0x10, 0x1c, 0x10, 0x1a, 0x04, 0x0a, 
	0x14, 0x3a, 0x3b, 0x3c, 0x3d, 0x3e, 0x38, 0x3f, 
	0x40, 0x41, 0x42, 0x43, 0x00, 0x00, 0x00, 0x00, 
	0x02, 0x02, 0x09, 0x09, 0x07, 0x07, 0x07, 0x0d, 
	0x0d, 0x10, 0x09, 0x10, 0x1c, 0x44, 0x45, 0x46, 
	0x14, 0x1b, 0x47, 0x48, 0x40, 0x49, 0x3e, 0x34, 
	0x4a, 0x4b, 0x4c, 0x3e, 0x4d, 0x00, 0x00, 0x00, 
	0x02, 0x04, 0x04, 0x09, 0x07, 0x09, 0x0d, 0x10, 
	0x1c, 0x25, 0x1c, 0x0d, 0x10, 0x02, 0x23, 0x2d, 
	0x4e, 0x1c, 0x1c, 0x4f, 0x13, 0x50, 0x2a, 0x51, 
	0x19, 0x22, 0x52, 0x53, 0x54, 0x00, 0x00, 0x00, 
	0x02, 0x04, 0x04, 0x09, 0x09, 0x10, 0x1c, 0x02, 
	0x1a, 0x1c, 0x55, 0x56, 0x57, 0x1c, 0x02, 0x58, 
	0x47, 0x59, 0x1b, 0x5a, 0x25, 0x4f, 0x48, 0x5b, 
	0x2e, 0x5c, 0x5d, 0x5e, 0x5f, 0x60, 0x00, 0x00, 
	0x04, 0x01, 0x01, 0x04, 0x04, 0x04, 0x1b, 0x44, 
	0x10, 0x1a, 0x10, 0x56, 0x61, 0x2d, 0x45, 0x62, 
	0x63, 0x63, 0x64, 0x65, 0x66, 0x67, 0x68, 0x69, 
	0x6a, 0x5b, 0x6b, 0x6c, 0x4a, 0x6c, 0x00, 0x00, 
	0x04, 0x0a, 0x0a, 0x0a, 0x0a, 0x0a, 0x04, 0x24, 
	0x6d, 0x44, 0x02, 0x25, 0x6e, 0x4e, 0x56, 0x61, 
	0x6f, 0x70, 0x71, 0x72, 0x2e, 0x73, 0x74, 0x75, 
	0x69, 0x76, 0x77, 0x6b, 0x00, 0x00, 0x00, 0x00, 
	0x10, 0x01, 0x0a, 0x01, 0x0a, 0x06, 0x06, 0x1a, 
	0x78, 0x36, 0x1b, 0x02, 0x56, 0x47, 0x25, 0x47, 
	0x79, 0x48, 0x2c, 0x19, 0x7a, 0x7b, 0x7c, 0x41, 
	0x2c, 0x7d, 0x5b, 0x7e, 0x79, 0x00, 0x00, 0x00, 
	0x25, 0x25, 0x04, 0x04, 0x7f, 0x23, 0x10, 0x80, 
	0x81, 0x82, 0x83, 0x45, 0x6d, 0x84, 0x6e, 0x85, 
	0x86, 0x87, 0x88, 0x4b, 0x76, 0x89, 0x3d, 0x8a, 
	0x73, 0x19, 0x8b, 0x6b, 0x6a, 0x8c, 0x00, 0x00, 
	0x8d, 0x55, 0x8e, 0x56, 0x86, 0x6e, 0x64, 0x8f, 
	0x13, 0x2b, 0x72, 0x13, 0x6e, 0x32, 0x64, 0x13, 
	0x32, 0x90, 0x91, 0x92, 0x8b, 0x5c, 0x93, 0x94, 
	0x41, 0x2c, 0x72, 0x95, 0x3f, 0x34, 0x00, 0x00, 
	0x07, 0x07, 0x1d, 0x96, 0x97, 0x97, 0x90, 0x92, 
	0x2a, 0x49, 0x98, 0x83, 0x99, 0x87, 0x87, 0x9a, 
	0x9b, 0x92, 0x62, 0x9c, 0x8b, 0x4b, 0x2c, 0x9d, 
	0x9e, 0x75, 0x69, 0x2a, 0x7e, 0x7e, 0x9f, 0x00, 
	0x25, 0x09, 0x07, 0x2e, 0x2b, 0x87, 0xa0, 0xa1, 
	0xa2, 0x69, 0x19, 0xa3, 0x52, 0x51, 0x75, 0xa3, 
	0x3e, 0x75, 0x69, 0x8b, 0x83, 0x8a, 0xa4, 0x40, 
	0x4c, 0x94, 0xa3, 0x19, 0x50, 0xa5, 0xa4, 0x00, 
	0x88, 0xa6, 0x32, 0x8b, 0xa7, 0x5e, 0x6f, 0x82, 
	0x83, 0x8a, 0xa8, 0xa9, 0xaa, 0xab, 0x42, 0x4b, 
	0xac, 0xad, 0xae, 0x53, 0x77, 0x34, 0x52, 0x2c, 
	0x5b, 0x98, 0x8a, 0x5e, 0x19, 0x77, 0x9d, 0xaf, 
	0xb0, 0x40, 0xb1, 0x00, 0x00, 0x00, 0x50, 0xb2, 
	0xb3, 0x69, 0xb4, 0x50, 0x4b, 0xb5, 0xb4, 0x72, 
	0x3c, 0xb6, 0xb6, 0x4b, 0x95, 0x8b, 0x94, 0x4b, 
	0x72, 0x6b, 0xb7, 0x98, 0xb4, 0xb8, 0xa8, 0x00, 
	0x00, 0x00, 0x00, 0x00, 0x00, 0x00, 0x00, 0x00, 
	0xb9, 0x00, 0x00, 0xba, 0xb1, 0x6c, 0xad, 0x74, 
	0xb8, 0x00, 0xbb, 0xbc, 0x4c, 0x21, 0x4b, 0xbd, 
	0x9d, 0x40, 0x7e, 0x00, 0x00, 0xbe, 0x00, 0x00, 
	0x00, 0x00, 0x00, 0x00, 0x00, 0x00, 0x00, 0x00, 
	0x00, 0x00, 0x00, 0x00, 0x00, 0x00, 0x00, 0x00, 
	0x50, 0x00, 0x00, 0x00, 0x00, 0x00, 0x00, 0x00, 
	0x40, 0x35, 0xb0, 0x18, 0x00, 0x00, 0x00, 0x00, 
	0x00, 0x00, 0x00, 0x00, 0x00, 0x00, 0x00, 0x00, 
	0x00, 0x00, 0x00, 0x00, 0x00, 0x00, 0x00, 0x00, 
	0x00, 0x00, 0x00, 0x00, 0x00, 0x00, 0x00, 0x00, 
	0x00, 0x00, 0x00, 0x00, 0x00, 0x00, 0x00, 0x00, 
	0x00, 0x00, 0x00, 0x00, 0x00, 0x00, 0x00, 0x00, 
	0x00, 0x00, 0x00, 0x00, 0x00, 0x00, 0x00, 0x00, 
	0x00, 0x00, 0x00, 0x00, 0x00, 0x00, 0x00, 0x00, 
	0x00, 0x00, 0x00, 0x00, 0x00, 0x00, 0x00, 0x00, 
	0x00, 0x00, 0x00, 0x00, 0x00, 0x00, 0x00, 0x00, 
	0x00, 0x00, 0x00, 0x00, 0x00, 0x00, 0x00, 0x00, 
	0x00, 0x00, 0x00, 0x00, 0x00, 0x00, 0x00, 0x00, 
	0x00, 0x00, 0x00, 0x00, 0x00, 0x00, 0x00, 0x00, 
	
};

Gfx owl_tex_5002650_pal_rgba16_aligner[] = {gsSPEndDisplayList()};
u8 owl_tex_5002650_pal_rgba16[] = {
	0x00, 0x00, 0x40, 0x01, 0x50, 0x01, 0x28, 0x01, 
	0x48, 0x01, 0x68, 0x43, 0x30, 0x01, 0x60, 0x01, 
	0x20, 0x01, 0x58, 0x01, 0x38, 0x01, 0x89, 0xc9, 
	0xb3, 0x91, 0x60, 0x41, 0x70, 0x41, 0x78, 0x81, 
	0x58, 0x41, 0xbb, 0xd5, 0xcc, 0x55, 0xaa, 0x89, 
	0x58, 0x81, 0xab, 0x11, 0xfe, 0xa9, 0xff, 0x2f, 
	0xed, 0xa1, 0xcc, 0x15, 0x50, 0x41, 0x68, 0xc1, 
	0x60, 0x81, 0x9a, 0x4b, 0xdd, 0x5f, 0xfe, 0xed, 
	0xfe, 0xab, 0xe5, 0x1d, 0xd4, 0xdd, 0x68, 0xc3, 
	0x81, 0x43, 0x68, 0x81, 0xd4, 0xdb, 0xf6, 0x6b, 
	0xfe, 0xad, 0xf5, 0xe5, 0xd4, 0x99, 0xaa, 0x47, 
	0xc3, 0x91, 0x92, 0x07, 0xdd, 0x1f, 0xee, 0x69, 
	0xed, 0x1b, 0xee, 0x29, 0x9a, 0x07, 0x91, 0x41, 
	0xaa, 0x45, 0xdc, 0x97, 0xbb, 0x93, 0x89, 0xc7, 
	0xcb, 0xd1, 0xee, 0x2b, 0x81, 0x83, 0xb2, 0xcd, 
	0xbb, 0x51, 0xa2, 0x03, 0xa1, 0xc1, 0xf6, 0x27, 
	0xdc, 0xdb, 0xb2, 0x87, 0xc3, 0x0b, 0xd5, 0xa7, 
	0x71, 0x03, 0x81, 0x85, 0x60, 0xc3, 0x81, 0x01, 
	0xbb, 0x91, 0xbb, 0x4d, 0xdc, 0xdd, 0xc3, 0x4f, 
	0xc3, 0x4d, 0xcd, 0x23, 0x70, 0xc1, 0x78, 0xc1, 
	0xdc, 0x99, 0xaa, 0x43, 0xaa, 0x03, 0xd4, 0x15, 
	0xa2, 0x01, 0x79, 0x03, 0x89, 0x85, 0x79, 0x43, 
	0x79, 0x45, 0x81, 0x03, 0x60, 0xc1, 0xe5, 0x1f, 
	0xee, 0x27, 0xb2, 0x89, 0xba, 0xc7, 0xba, 0xc5, 
	0xdd, 0x65, 0xaa, 0xcd, 0xa2, 0xcd, 0xa2, 0x07, 
	0xaa, 0x8b, 0x9a, 0x09, 0x81, 0xc7, 0x8a, 0x09, 
	0xc4, 0x59, 0xcb, 0xd3, 0xcc, 0x13, 0xed, 0xe3, 
	0xdd, 0x21, 0x91, 0xc7, 0x91, 0xc5, 0xc3, 0xd3, 
	0xbb, 0x0f, 0xbb, 0x4f, 0xd4, 0x57, 0xbb, 0x0d, 
	0xb2, 0x43, 0xba, 0xc9, 0xdc, 0x9b, 0xe5, 0x61, 
	0x9a, 0x49, 0xa2, 0x89, 0xed, 0xe7, 0xc4, 0x17, 
	0x90, 0xc1, 0xd4, 0x59, 0xe5, 0x5f, 0x71, 0x05, 
	0x71, 0x45, 0x79, 0xc5, 0xcc, 0x9b, 0xc4, 0x15, 
	0xaa, 0x49, 0x81, 0x41, 0x89, 0x41, 0x91, 0xc3, 
	0xaa, 0xcb, 0xf6, 0xad, 0xa1, 0x81, 0xd4, 0x9b, 
	0x9a, 0x8b, 0x70, 0x81, 0x92, 0x09, 0xc3, 0xd7, 
	0x89, 0x81, 0x91, 0xc1, 0xb3, 0x0d, 0xc3, 0xd1, 
	0x99, 0x41, 0xdd, 0x1d, 0xcc, 0x57, 0x89, 0x01, 
	0xcb, 0xd5, 0x9a, 0x47, 0xb3, 0x0f, 0xbb, 0x0b, 
	0xb3, 0x51, 0xc3, 0x8f, 0x99, 0x81, 0xb3, 0x4f, 
	0x81, 0xc5, 0x69, 0x01, 0x9a, 0xcd, 0xba, 0xcb, 
	0xb2, 0xc9, 0xed, 0xe5, 0x9a, 0x05, 0xcb, 0x91, 
	0xd4, 0x13, 0xc3, 0x51, 0x88, 0x41, 0xaa, 0x01, 
	0x90, 0x81, 0xa9, 0xc1, 0xc3, 0x0d, 0xbc, 0x9e, 
	0xdc, 0xd9, 0xe5, 0x1b, 0xdc, 0x95, 0xed, 0x9f, 
	0xb2, 0x85, 0x88, 0x01, 0xa1, 0x41, 0xe5, 0xa3, 
	0xd4, 0x55, 0xe5, 0xa1, 0xcb, 0x8f, 0xd4, 0x9d, 
	0xba, 0x85, 0xa9, 0x81, 0xdc, 0x57, 
};

Vtx owl_body_mesh_layer_1_vtx_0[66] = {
	{{ {32, -4, -60}, 0, {474, 566}, {56, 217, 149, 255} }},
	{{ {-29, -4, -60}, 0, {458, 504}, {189, 213, 157, 255} }},
	{{ {-42, 61, -68}, 0, {520, 473}, {221, 10, 134, 255} }},
	{{ {1, -66, -96}, 0, {403, 552}, {0, 180, 154, 255} }},
	{{ {-29, -4, -60}, 0, {458, 504}, {189, 38, 155, 255} }},
	{{ {32, -4, -60}, 0, {474, 566}, {56, 46, 152, 255} }},
	{{ {-85, 72, -29}, 0, {519, 427}, {141, 9, 202, 255} }},
	{{ {-42, 61, -68}, 0, {520, 473}, {221, 10, 134, 255} }},
	{{ {-29, -4, -60}, 0, {458, 504}, {189, 213, 157, 255} }},
	{{ {-29, -4, -60}, 0, {452, 500}, {180, 200, 171, 255} }},
	{{ {-68, 20, 26}, 0, {539, 497}, {150, 205, 48, 255} }},
	{{ {-85, 72, -29}, 0, {503, 568}, {136, 254, 215, 255} }},
	{{ {-68, 20, 26}, 0, {539, 501}, {139, 219, 34, 255} }},
	{{ {-29, -4, -60}, 0, {452, 500}, {167, 3, 165, 255} }},
	{{ {1, -66, -96}, 0, {398, 447}, {236, 153, 185, 255} }},
	{{ {32, -4, -60}, 0, {474, 566}, {56, 217, 149, 255} }},
	{{ {-42, 61, -68}, 0, {520, 473}, {221, 10, 134, 255} }},
	{{ {45, 61, -68}, 0, {543, 561}, {35, 26, 137, 255} }},
	{{ {-42, 117, -39}, 0, {577, 458}, {212, 100, 191, 255} }},
	{{ {-42, 61, -68}, 0, {520, 473}, {221, 10, 134, 255} }},
	{{ {-85, 72, -29}, 0, {519, 427}, {141, 9, 202, 255} }},
	{{ {45, 61, -68}, 0, {543, 561}, {35, 27, 137, 255} }},
	{{ {-42, 61, -68}, 0, {520, 473}, {221, 10, 134, 255} }},
	{{ {-42, 117, -39}, 0, {577, 458}, {212, 100, 191, 255} }},
	{{ {-68, 20, 26}, 0, {546, 500}, {149, 203, 43, 255} }},
	{{ {-71, 86, 41}, 0, {579, 563}, {146, 43, 47, 255} }},
	{{ {-85, 72, -29}, 0, {503, 568}, {137, 3, 213, 255} }},
	{{ {-42, 117, -39}, 0, {506, 617}, {208, 103, 199, 255} }},
	{{ {-85, 72, -29}, 0, {503, 568}, {137, 14, 212, 255} }},
	{{ {-71, 86, 41}, 0, {579, 569}, {148, 47, 48, 255} }},
	{{ {45, 117, -39}, 0, {601, 546}, {61, 94, 197, 255} }},
	{{ {45, 61, -68}, 0, {543, 561}, {35, 27, 137, 255} }},
	{{ {-42, 117, -39}, 0, {577, 458}, {212, 100, 191, 255} }},
	{{ {-38, 124, 45}, 0, {557, 468}, {209, 109, 45, 255} }},
	{{ {40, 124, 45}, 0, {578, 547}, {39, 116, 36, 255} }},
	{{ {-42, 117, -39}, 0, {471, 487}, {212, 104, 198, 255} }},
	{{ {-71, 86, 41}, 0, {579, 569}, {146, 44, 46, 255} }},
	{{ {-38, 124, 45}, 0, {594, 606}, {210, 109, 46, 255} }},
	{{ {-42, 117, -39}, 0, {506, 617}, {206, 102, 199, 255} }},
	{{ {40, 124, 45}, 0, {578, 547}, {38, 116, 37, 255} }},
	{{ {45, 117, -39}, 0, {494, 574}, {63, 98, 206, 255} }},
	{{ {-42, 117, -39}, 0, {471, 487}, {213, 104, 197, 255} }},
	{{ {88, 72, -29}, 0, {566, 602}, {115, 9, 202, 255} }},
	{{ {45, 61, -68}, 0, {543, 561}, {35, 27, 137, 255} }},
	{{ {45, 117, -39}, 0, {601, 546}, {61, 94, 197, 255} }},
	{{ {32, -4, -60}, 0, {474, 566}, {56, 217, 149, 255} }},
	{{ {45, 61, -68}, 0, {543, 561}, {35, 27, 137, 255} }},
	{{ {88, 72, -29}, 0, {566, 602}, {115, 9, 202, 255} }},
	{{ {45, 117, -39}, 0, {506, 617}, {66, 96, 206, 255} }},
	{{ {40, 124, 45}, 0, {594, 606}, {39, 115, 36, 255} }},
	{{ {73, 86, 41}, 0, {579, 569}, {110, 44, 46, 255} }},
	{{ {73, 86, 41}, 0, {579, 569}, {108, 47, 48, 255} }},
	{{ {88, 72, -29}, 0, {503, 568}, {119, 14, 212, 255} }},
	{{ {45, 117, -39}, 0, {506, 617}, {65, 98, 207, 255} }},
	{{ {70, 20, 26}, 0, {539, 497}, {106, 205, 48, 255} }},
	{{ {32, -4, -60}, 0, {452, 500}, {67, 204, 162, 255} }},
	{{ {88, 72, -29}, 0, {503, 568}, {120, 254, 215, 255} }},
	{{ {70, 20, 26}, 0, {546, 500}, {107, 203, 43, 255} }},
	{{ {88, 72, -29}, 0, {503, 568}, {119, 3, 213, 255} }},
	{{ {73, 86, 41}, 0, {579, 563}, {110, 43, 47, 255} }},
	{{ {32, -4, -60}, 0, {452, 500}, {79, 9, 157, 255} }},
	{{ {70, 20, 26}, 0, {539, 501}, {117, 219, 34, 255} }},
	{{ {1, -66, -96}, 0, {398, 447}, {20, 153, 185, 255} }},
	{{ {-38, 124, 45}, 0, {559, 468}, {209, 118, 249, 255} }},
	{{ {1, 126, 56}, 0, {579, 504}, {0, 120, 40, 255} }},
	{{ {40, 124, 45}, 0, {580, 546}, {39, 119, 238, 255} }},
};

Gfx owl_body_mesh_layer_1_tri_0[] = {
	gsSPVertex(owl_body_mesh_layer_1_vtx_0 + 0, 30, 0),
	gsSP2Triangles(0, 1, 2, 0, 3, 4, 5, 0),
	gsSP2Triangles(6, 7, 8, 0, 9, 10, 11, 0),
	gsSP2Triangles(12, 13, 14, 0, 15, 16, 17, 0),
	gsSP2Triangles(18, 19, 20, 0, 21, 22, 23, 0),
	gsSP2Triangles(24, 25, 26, 0, 27, 28, 29, 0),
	gsSPVertex(owl_body_mesh_layer_1_vtx_0 + 30, 30, 0),
	gsSP2Triangles(0, 1, 2, 0, 3, 4, 5, 0),
	gsSP2Triangles(6, 7, 8, 0, 9, 10, 11, 0),
	gsSP2Triangles(12, 13, 14, 0, 15, 16, 17, 0),
	gsSP2Triangles(18, 19, 20, 0, 21, 22, 23, 0),
	gsSP2Triangles(24, 25, 26, 0, 27, 28, 29, 0),
	gsSPVertex(owl_body_mesh_layer_1_vtx_0 + 60, 6, 0),
	gsSP2Triangles(0, 1, 2, 0, 3, 4, 5, 0),
	gsSPEndDisplayList(),
};

Vtx owl_body_mesh_layer_1_vtx_1[53] = {
	{{ {70, 20, 26}, 0, {503, 281}, {117, 214, 24, 255} }},
	{{ {44, 28, 71}, 0, {524, 193}, {44, 210, 110, 255} }},
	{{ {36, -7, 49}, 0, {452, 239}, {53, 163, 68, 255} }},
	{{ {70, 20, 26}, 0, {678, 282}, {117, 214, 27, 255} }},
	{{ {36, -7, 49}, 0, {601, 239}, {54, 157, 59, 255} }},
	{{ {1, -66, -96}, 0, {530, 533}, {20, 141, 205, 255} }},
	{{ {40, 86, 80}, 0, {641, 175}, {65, 33, 104, 255} }},
	{{ {44, 28, 71}, 0, {524, 193}, {41, 209, 110, 255} }},
	{{ {70, 20, 26}, 0, {507, 283}, {114, 206, 24, 255} }},
	{{ {70, 20, 26}, 0, {506, 283}, {113, 204, 26, 255} }},
	{{ {73, 86, 41}, 0, {640, 252}, {114, 46, 31, 255} }},
	{{ {40, 86, 80}, 0, {641, 175}, {64, 33, 105, 255} }},
	{{ {1, -66, -96}, 0, {530, 533}, {0, 137, 212, 255} }},
	{{ {36, -7, 49}, 0, {601, 239}, {43, 153, 61, 255} }},
	{{ {-34, -7, 49}, 0, {459, 239}, {222, 155, 69, 255} }},
	{{ {-68, 20, 26}, 0, {382, 282}, {139, 214, 27, 255} }},
	{{ {1, -66, -96}, 0, {530, 533}, {236, 141, 205, 255} }},
	{{ {-34, -7, 49}, 0, {459, 239}, {211, 158, 67, 255} }},
	{{ {40, 124, 45}, 0, {719, 243}, {39, 119, 24, 255} }},
	{{ {40, 86, 80}, 0, {641, 175}, {64, 34, 104, 255} }},
	{{ {73, 86, 41}, 0, {642, 251}, {114, 47, 30, 255} }},
	{{ {40, 86, 80}, 0, {609, 243}, {62, 33, 106, 255} }},
	{{ {40, 124, 45}, 0, {608, 167}, {44, 116, 26, 255} }},
	{{ {1, 126, 56}, 0, {530, 161}, {1, 98, 81, 255} }},
	{{ {-71, 86, 41}, 0, {642, 251}, {142, 47, 30, 255} }},
	{{ {-37, 86, 80}, 0, {641, 175}, {200, 26, 111, 255} }},
	{{ {-38, 124, 45}, 0, {719, 243}, {209, 113, 33, 255} }},
	{{ {-38, 124, 45}, 0, {452, 167}, {205, 110, 36, 255} }},
	{{ {-37, 86, 80}, 0, {451, 243}, {202, 25, 112, 255} }},
	{{ {1, 126, 56}, 0, {530, 161}, {255, 98, 81, 255} }},
	{{ {-37, 86, 80}, 0, {641, 175}, {200, 26, 111, 255} }},
	{{ {-71, 86, 41}, 0, {640, 252}, {142, 46, 31, 255} }},
	{{ {-68, 20, 26}, 0, {506, 283}, {143, 204, 26, 255} }},
	{{ {-41, 28, 71}, 0, {524, 193}, {194, 212, 102, 255} }},
	{{ {-68, 20, 26}, 0, {503, 281}, {139, 214, 24, 255} }},
	{{ {-34, -7, 49}, 0, {452, 239}, {212, 165, 77, 255} }},
	{{ {-68, 20, 26}, 0, {507, 283}, {142, 206, 24, 255} }},
	{{ {-41, 28, 71}, 0, {524, 193}, {196, 211, 103, 255} }},
	{{ {-37, 86, 80}, 0, {641, 175}, {199, 26, 111, 255} }},
	{{ {44, 28, 71}, 0, {616, 360}, {36, 211, 113, 255} }},
	{{ {40, 86, 80}, 0, {609, 243}, {61, 32, 107, 255} }},
	{{ {-37, 86, 80}, 0, {451, 243}, {204, 24, 113, 255} }},
	{{ {-41, 28, 71}, 0, {444, 360}, {201, 212, 106, 255} }},
	{{ {44, 28, 71}, 0, {616, 360}, {36, 211, 113, 255} }},
	{{ {-37, 86, 80}, 0, {451, 243}, {204, 24, 113, 255} }},
	{{ {40, 86, 80}, 0, {609, 243}, {60, 32, 107, 255} }},
	{{ {1, 126, 56}, 0, {530, 161}, {0, 96, 83, 255} }},
	{{ {-34, -7, 49}, 0, {459, 431}, {221, 168, 84, 255} }},
	{{ {36, -7, 49}, 0, {601, 431}, {44, 164, 76, 255} }},
	{{ {44, 28, 71}, 0, {616, 360}, {36, 210, 113, 255} }},
	{{ {44, 28, 71}, 0, {616, 360}, {36, 210, 113, 255} }},
	{{ {-41, 28, 71}, 0, {444, 360}, {201, 212, 106, 255} }},
	{{ {-34, -7, 49}, 0, {459, 431}, {221, 168, 84, 255} }},
};

Gfx owl_body_mesh_layer_1_tri_1[] = {
	gsSPVertex(owl_body_mesh_layer_1_vtx_1 + 0, 30, 0),
	gsSP2Triangles(0, 1, 2, 0, 3, 4, 5, 0),
	gsSP2Triangles(6, 7, 8, 0, 9, 10, 11, 0),
	gsSP2Triangles(12, 13, 14, 0, 15, 16, 17, 0),
	gsSP2Triangles(18, 19, 20, 0, 21, 22, 23, 0),
	gsSP2Triangles(24, 25, 26, 0, 27, 28, 29, 0),
	gsSPVertex(owl_body_mesh_layer_1_vtx_1 + 30, 23, 0),
	gsSP2Triangles(0, 1, 2, 0, 3, 4, 5, 0),
	gsSP2Triangles(6, 7, 8, 0, 9, 10, 11, 0),
	gsSP2Triangles(12, 13, 11, 0, 14, 15, 16, 0),
	gsSP2Triangles(17, 18, 19, 0, 20, 21, 22, 0),
	gsSPEndDisplayList(),
};

Vtx owl_head_mesh_layer_1_vtx_0[162] = {
	{{ {26, 129, 77}, 0, {709, 455}, {27, 97, 78, 255} }},
	{{ {58, 105, 76}, 0, {696, 426}, {43, 44, 111, 255} }},
	{{ {41, 136, 29}, 0, {746, 421}, {30, 123, 251, 255} }},
	{{ {41, 136, 29}, 0, {712, 416}, {57, 111, 232, 255} }},
	{{ {58, 105, 76}, 0, {682, 464}, {74, 35, 97, 255} }},
	{{ {67, 92, 32}, 0, {728, 458}, {121, 37, 255, 255} }},
	{{ {47, 96, 79}, 0, {352, 736}, {11, 3, 126, 255} }},
	{{ {51, 91, 78}, 0, {368, 754}, {20, 198, 111, 255} }},
	{{ {58, 105, 76}, 0, {398, 686}, {58, 15, 112, 255} }},
	{{ {51, 91, 78}, 0, {369, 755}, {251, 25, 124, 255} }},
	{{ {58, 83, 76}, 0, {400, 787}, {28, 165, 84, 255} }},
	{{ {58, 105, 76}, 0, {399, 686}, {59, 13, 112, 255} }},
	{{ {38, 103, 76}, 0, {312, 701}, {219, 87, 84, 255} }},
	{{ {47, 96, 79}, 0, {353, 738}, {252, 10, 126, 255} }},
	{{ {58, 105, 76}, 0, {400, 688}, {57, 18, 112, 255} }},
	{{ {67, 92, 32}, 0, {728, 458}, {124, 27, 3, 255} }},
	{{ {60, 37, 77}, 0, {710, 527}, {75, 168, 52, 255} }},
	{{ {71, 48, 37}, 0, {742, 500}, {97, 174, 254, 255} }},
	{{ {60, 37, 77}, 0, {761, 394}, {64, 198, 163, 255} }},
	{{ {21, 22, 85}, 0, {791, 422}, {22, 156, 181, 255} }},
	{{ {-56, 37, 77}, 0, {810, 499}, {212, 205, 148, 255} }},
	{{ {71, 48, 37}, 0, {742, 500}, {107, 0, 188, 255} }},
	{{ {60, 37, 77}, 0, {710, 527}, {13, 156, 77, 255} }},
	{{ {51, 20, 13}, 0, {776, 515}, {57, 144, 241, 255} }},
	{{ {21, 22, 85}, 0, {791, 422}, {17, 154, 182, 255} }},
	{{ {-18, 22, 85}, 0, {808, 457}, {225, 147, 198, 255} }},
	{{ {-56, 37, 77}, 0, {810, 499}, {212, 208, 147, 255} }},
	{{ {-54, 105, 76}, 0, {356, 638}, {189, 23, 105, 255} }},
	{{ {-55, 82, 76}, 0, {252, 622}, {2, 216, 120, 255} }},
	{{ {-48, 91, 78}, 0, {286, 658}, {252, 224, 123, 255} }},
	{{ {-54, 105, 76}, 0, {354, 636}, {192, 29, 106, 255} }},
	{{ {-44, 95, 79}, 0, {301, 676}, {41, 235, 118, 255} }},
	{{ {-38, 103, 76}, 0, {339, 707}, {66, 18, 107, 255} }},
	{{ {-37, 136, 29}, 0, {753, 505}, {206, 117, 254, 255} }},
	{{ {-54, 105, 76}, 0, {718, 540}, {206, 55, 103, 255} }},
	{{ {-23, 129, 77}, 0, {703, 512}, {246, 92, 87, 255} }},
	{{ {-63, 92, 32}, 0, {728, 458}, {135, 37, 255, 255} }},
	{{ {-54, 105, 76}, 0, {682, 464}, {175, 43, 88, 255} }},
	{{ {-37, 136, 29}, 0, {712, 416}, {180, 99, 234, 255} }},
	{{ {-48, 91, 78}, 0, {287, 659}, {219, 210, 113, 255} }},
	{{ {-44, 95, 79}, 0, {303, 678}, {3, 9, 127, 255} }},
	{{ {-54, 105, 76}, 0, {356, 639}, {191, 26, 106, 255} }},
	{{ {-68, 48, 37}, 0, {742, 500}, {159, 174, 254, 255} }},
	{{ {-56, 37, 77}, 0, {710, 527}, {200, 151, 45, 255} }},
	{{ {-63, 92, 32}, 0, {728, 458}, {132, 27, 3, 255} }},
	{{ {41, 58, -52}, 0, {750, 419}, {18, 140, 207, 255} }},
	{{ {-37, 58, -52}, 0, {783, 491}, {232, 164, 171, 255} }},
	{{ {33, 95, -53}, 0, {720, 442}, {35, 34, 139, 255} }},
	{{ {-37, 58, -52}, 0, {783, 491}, {222, 168, 171, 255} }},
	{{ {-29, 95, -53}, 0, {746, 499}, {213, 39, 143, 255} }},
	{{ {33, 95, -53}, 0, {720, 442}, {37, 33, 139, 255} }},
	{{ {33, 95, -53}, 0, {798, 406}, {34, 65, 153, 255} }},
	{{ {-29, 95, -53}, 0, {824, 463}, {211, 63, 155, 255} }},
	{{ {-30, 125, -19}, 0, {793, 478}, {223, 114, 211, 255} }},
	{{ {64, 62, -28}, 0, {795, 459}, {113, 228, 205, 255} }},
	{{ {33, 95, -53}, 0, {804, 419}, {45, 32, 142, 255} }},
	{{ {67, 88, -18}, 0, {775, 441}, {118, 29, 220, 255} }},
	{{ {67, 88, -18}, 0, {775, 441}, {110, 60, 234, 255} }},
	{{ {33, 95, -53}, 0, {804, 419}, {44, 63, 155, 255} }},
	{{ {34, 125, -19}, 0, {760, 407}, {57, 105, 214, 255} }},
	{{ {34, 125, -19}, 0, {766, 420}, {46, 110, 212, 255} }},
	{{ {33, 95, -53}, 0, {798, 406}, {34, 65, 153, 255} }},
	{{ {-30, 125, -19}, 0, {793, 478}, {223, 114, 211, 255} }},
	{{ {64, 62, -28}, 0, {795, 459}, {126, 8, 240, 255} }},
	{{ {41, 58, -52}, 0, {819, 453}, {41, 145, 210, 255} }},
	{{ {33, 95, -53}, 0, {804, 419}, {63, 47, 156, 255} }},
	{{ {-29, 95, -53}, 0, {804, 419}, {183, 48, 164, 255} }},
	{{ {-37, 58, -52}, 0, {819, 453}, {205, 171, 177, 255} }},
	{{ {-61, 62, -28}, 0, {795, 459}, {130, 8, 240, 255} }},
	{{ {-61, 62, -28}, 0, {795, 459}, {139, 34, 220, 255} }},
	{{ {-37, 58, -52}, 0, {819, 453}, {8, 245, 130, 255} }},
	{{ {-41, 21, -35}, 0, {819, 494}, {212, 160, 185, 255} }},
	{{ {41, 58, -52}, 0, {819, 453}, {43, 231, 139, 255} }},
	{{ {64, 62, -28}, 0, {795, 459}, {122, 17, 225, 255} }},
	{{ {45, 21, -35}, 0, {819, 494}, {93, 182, 212, 255} }},
	{{ {-30, 125, -19}, 0, {760, 407}, {214, 111, 212, 255} }},
	{{ {-29, 95, -53}, 0, {804, 419}, {200, 60, 159, 255} }},
	{{ {-63, 88, -18}, 0, {775, 441}, {146, 60, 234, 255} }},
	{{ {-63, 88, -18}, 0, {775, 441}, {138, 29, 220, 255} }},
	{{ {-29, 95, -53}, 0, {804, 419}, {199, 30, 147, 255} }},
	{{ {-61, 62, -28}, 0, {795, 459}, {143, 228, 205, 255} }},
	{{ {-61, 62, -28}, 0, {795, 459}, {158, 2, 176, 255} }},
	{{ {-68, 48, 37}, 0, {742, 500}, {167, 165, 3, 255} }},
	{{ {-63, 92, 32}, 0, {728, 458}, {131, 25, 1, 255} }},
	{{ {-61, 62, -28}, 0, {795, 459}, {150, 222, 195, 255} }},
	{{ {-63, 92, 32}, 0, {728, 458}, {133, 240, 26, 255} }},
	{{ {-63, 88, -18}, 0, {775, 441}, {137, 21, 218, 255} }},
	{{ {-63, 92, 32}, 0, {728, 458}, {137, 38, 21, 255} }},
	{{ {-37, 136, 29}, 0, {712, 416}, {181, 102, 0, 255} }},
	{{ {-63, 88, -18}, 0, {775, 441}, {152, 57, 210, 255} }},
	{{ {-37, 136, 29}, 0, {712, 416}, {182, 103, 252, 255} }},
	{{ {-30, 125, -19}, 0, {760, 407}, {228, 99, 181, 255} }},
	{{ {-63, 88, -18}, 0, {775, 441}, {155, 57, 205, 255} }},
	{{ {41, 136, 29}, 0, {746, 421}, {59, 112, 248, 255} }},
	{{ {34, 125, -19}, 0, {766, 420}, {45, 93, 182, 255} }},
	{{ {-30, 125, -19}, 0, {793, 478}, {223, 99, 183, 255} }},
	{{ {67, 88, -18}, 0, {775, 441}, {101, 57, 205, 255} }},
	{{ {34, 125, -19}, 0, {760, 407}, {43, 94, 182, 255} }},
	{{ {41, 136, 29}, 0, {712, 416}, {56, 114, 248, 255} }},
	{{ {67, 88, -18}, 0, {775, 441}, {104, 57, 210, 255} }},
	{{ {41, 136, 29}, 0, {712, 416}, {57, 113, 251, 255} }},
	{{ {67, 92, 32}, 0, {728, 458}, {119, 38, 21, 255} }},
	{{ {64, 62, -28}, 0, {795, 459}, {106, 222, 195, 255} }},
	{{ {67, 88, -18}, 0, {775, 441}, {119, 21, 218, 255} }},
	{{ {67, 92, 32}, 0, {728, 458}, {123, 240, 26, 255} }},
	{{ {71, 48, 37}, 0, {742, 500}, {89, 165, 3, 255} }},
	{{ {64, 62, -28}, 0, {795, 459}, {98, 2, 176, 255} }},
	{{ {67, 92, 32}, 0, {728, 458}, {125, 25, 1, 255} }},
	{{ {26, 129, 77}, 0, {709, 455}, {1, 70, 106, 255} }},
	{{ {41, 136, 29}, 0, {746, 421}, {57, 113, 8, 255} }},
	{{ {2, 136, 29}, 0, {736, 469}, {228, 119, 222, 255} }},
	{{ {2, 136, 29}, 0, {736, 469}, {58, 112, 14, 255} }},
	{{ {-37, 136, 29}, 0, {753, 505}, {180, 102, 9, 255} }},
	{{ {-23, 129, 77}, 0, {703, 512}, {13, 68, 107, 255} }},
	{{ {67, 92, 32}, 0, {728, 458}, {124, 27, 5, 255} }},
	{{ {58, 105, 76}, 0, {682, 464}, {73, 19, 103, 255} }},
	{{ {58, 83, 76}, 0, {692, 485}, {76, 220, 95, 255} }},
	{{ {60, 37, 77}, 0, {710, 527}, {65, 178, 76, 255} }},
	{{ {60, 37, 77}, 0, {669, 437}, {63, 195, 92, 255} }},
	{{ {-56, 37, 77}, 0, {718, 542}, {212, 176, 88, 255} }},
	{{ {-48, 20, 13}, 0, {772, 507}, {192, 148, 238, 255} }},
	{{ {51, 20, 13}, 0, {730, 417}, {14, 132, 231, 255} }},
	{{ {-55, 82, 76}, 0, {692, 485}, {225, 17, 122, 255} }},
	{{ {-54, 105, 76}, 0, {682, 464}, {176, 28, 94, 255} }},
	{{ {-63, 92, 32}, 0, {728, 458}, {132, 27, 5, 255} }},
	{{ {-56, 37, 77}, 0, {710, 527}, {211, 162, 72, 255} }},
	{{ {-23, 129, 77}, 0, {303, 334}, {244, 92, 87, 255} }},
	{{ {-54, 105, 76}, 0, {263, 364}, {235, 176, 96, 255} }},
	{{ {-38, 103, 76}, 0, {283, 366}, {221, 196, 106, 255} }},
	{{ {2, 98, 76}, 0, {333, 373}, {235, 165, 86, 255} }},
	{{ {2, 98, 76}, 0, {333, 373}, {254, 251, 127, 255} }},
	{{ {2, 104, 77}, 0, {333, 366}, {95, 13, 84, 255} }},
	{{ {2, 104, 77}, 0, {333, 366}, {254, 251, 127, 255} }},
	{{ {-48, 20, 13}, 0, {776, 515}, {211, 138, 245, 255} }},
	{{ {-56, 37, 77}, 0, {710, 527}, {170, 182, 56, 255} }},
	{{ {-68, 48, 37}, 0, {742, 500}, {145, 56, 231, 255} }},
	{{ {-61, 62, -28}, 0, {795, 459}, {139, 255, 205, 255} }},
	{{ {-41, 21, -35}, 0, {819, 494}, {194, 180, 175, 255} }},
	{{ {45, 21, -35}, 0, {782, 401}, {56, 196, 159, 255} }},
	{{ {-41, 21, -35}, 0, {818, 478}, {213, 155, 193, 255} }},
	{{ {-37, 58, -52}, 0, {783, 491}, {239, 46, 139, 255} }},
	{{ {41, 58, -52}, 0, {750, 419}, {15, 4, 130, 255} }},
	{{ {-37, 136, 29}, 0, {753, 505}, {180, 102, 254, 255} }},
	{{ {41, 136, 29}, 0, {746, 421}, {59, 112, 248, 255} }},
	{{ {-30, 125, -19}, 0, {793, 478}, {223, 98, 183, 255} }},
	{{ {2, 136, 29}, 0, {736, 469}, {234, 114, 51, 255} }},
	{{ {51, 20, 13}, 0, {776, 515}, {92, 172, 25, 255} }},
	{{ {45, 21, -35}, 0, {819, 494}, {73, 159, 218, 255} }},
	{{ {64, 62, -28}, 0, {795, 459}, {113, 10, 199, 255} }},
	{{ {71, 48, 37}, 0, {742, 500}, {73, 192, 82, 255} }},
	{{ {-23, 129, 77}, 0, {703, 512}, {189, 54, 94, 255} }},
	{{ {2, 104, 77}, 0, {693, 489}, {91, 32, 83, 255} }},
	{{ {2, 127, 64}, 0, {705, 484}, {125, 23, 253, 255} }},
	{{ {2, 136, 29}, 0, {736, 469}, {78, 95, 31, 255} }},
	{{ {2, 136, 29}, 0, {736, 469}, {224, 120, 25, 255} }},
	{{ {2, 127, 64}, 0, {705, 484}, {156, 75, 25, 255} }},
	{{ {26, 129, 77}, 0, {709, 455}, {69, 64, 85, 255} }},
	{{ {2, 104, 77}, 0, {693, 489}, {190, 29, 105, 255} }},
	{{ {51, 20, 13}, 0, {730, 417}, {57, 143, 10, 255} }},
	{{ {-48, 20, 13}, 0, {772, 507}, {211, 155, 62, 255} }},
	{{ {-41, 21, -35}, 0, {813, 481}, {192, 157, 208, 255} }},
	{{ {45, 21, -35}, 0, {777, 403}, {14, 144, 197, 255} }},
};

Gfx owl_head_mesh_layer_1_tri_0[] = {
	gsSPVertex(owl_head_mesh_layer_1_vtx_0 + 0, 30, 0),
	gsSP2Triangles(0, 1, 2, 0, 3, 4, 5, 0),
	gsSP2Triangles(6, 7, 8, 0, 9, 10, 11, 0),
	gsSP2Triangles(12, 13, 14, 0, 15, 16, 17, 0),
	gsSP2Triangles(18, 19, 20, 0, 21, 22, 23, 0),
	gsSP2Triangles(24, 25, 26, 0, 27, 28, 29, 0),
	gsSPVertex(owl_head_mesh_layer_1_vtx_0 + 30, 30, 0),
	gsSP2Triangles(0, 1, 2, 0, 3, 4, 5, 0),
	gsSP2Triangles(6, 7, 8, 0, 9, 10, 11, 0),
	gsSP2Triangles(12, 13, 14, 0, 15, 16, 17, 0),
	gsSP2Triangles(18, 19, 20, 0, 21, 22, 23, 0),
	gsSP2Triangles(24, 25, 26, 0, 27, 28, 29, 0),
	gsSPVertex(owl_head_mesh_layer_1_vtx_0 + 60, 30, 0),
	gsSP2Triangles(0, 1, 2, 0, 3, 4, 5, 0),
	gsSP2Triangles(6, 7, 8, 0, 9, 10, 11, 0),
	gsSP2Triangles(12, 13, 14, 0, 15, 16, 17, 0),
	gsSP2Triangles(18, 19, 20, 0, 21, 22, 23, 0),
	gsSP2Triangles(24, 25, 26, 0, 27, 28, 29, 0),
	gsSPVertex(owl_head_mesh_layer_1_vtx_0 + 90, 32, 0),
	gsSP2Triangles(0, 1, 2, 0, 3, 4, 5, 0),
	gsSP2Triangles(6, 7, 8, 0, 9, 10, 11, 0),
	gsSP2Triangles(12, 13, 14, 0, 15, 16, 17, 0),
	gsSP2Triangles(18, 19, 20, 0, 21, 22, 23, 0),
	gsSP2Triangles(24, 25, 26, 0, 24, 26, 27, 0),
	gsSP2Triangles(28, 29, 30, 0, 28, 30, 31, 0),
	gsSPVertex(owl_head_mesh_layer_1_vtx_0 + 122, 32, 0),
	gsSP2Triangles(0, 1, 2, 0, 3, 0, 2, 0),
	gsSP2Triangles(4, 5, 6, 0, 4, 6, 7, 0),
	gsSP2Triangles(6, 8, 7, 0, 7, 9, 4, 0),
	gsSP2Triangles(7, 10, 9, 0, 11, 12, 13, 0),
	gsSP2Triangles(11, 13, 14, 0, 14, 15, 11, 0),
	gsSP2Triangles(16, 17, 18, 0, 16, 18, 19, 0),
	gsSP2Triangles(20, 21, 22, 0, 20, 23, 21, 0),
	gsSP2Triangles(24, 25, 26, 0, 24, 26, 27, 0),
	gsSP2Triangles(28, 29, 30, 0, 28, 30, 31, 0),
	gsSPVertex(owl_head_mesh_layer_1_vtx_0 + 154, 8, 0),
	gsSP2Triangles(0, 1, 2, 0, 1, 3, 2, 0),
	gsSP2Triangles(4, 5, 6, 0, 4, 6, 7, 0),
	gsSPEndDisplayList(),
};

Vtx owl_head_mesh_layer_1_vtx_1[22] = {
	{{ {21, 22, 85}, 0, {664, 882}, {39, 201, 108, 255} }},
	{{ {60, 37, 77}, 0, {1019, 713}, {81, 191, 73, 255} }},
	{{ {58, 83, 76}, 0, {1016, 293}, {106, 20, 66, 255} }},
	{{ {51, 91, 78}, 0, {954, 227}, {50, 29, 113, 255} }},
	{{ {21, 22, 85}, 0, {664, 882}, {17, 199, 112, 255} }},
	{{ {51, 91, 78}, 0, {952, 226}, {87, 242, 91, 255} }},
	{{ {47, 96, 79}, 0, {919, 190}, {44, 24, 117, 255} }},
	{{ {1, 51, 92}, 0, {493, 650}, {253, 11, 127, 255} }},
	{{ {-18, 22, 85}, 0, {310, 886}, {233, 218, 119, 255} }},
	{{ {1, 51, 92}, 0, {493, 650}, {2, 11, 127, 255} }},
	{{ {-44, 95, 79}, 0, {94, 202}, {206, 38, 111, 255} }},
	{{ {-48, 91, 78}, 0, {58, 238}, {179, 253, 101, 255} }},
	{{ {-44, 95, 79}, 0, {90, 206}, {196, 1, 112, 255} }},
	{{ {1, 51, 92}, 0, {493, 650}, {0, 11, 127, 255} }},
	{{ {47, 96, 79}, 0, {921, 194}, {31, 40, 116, 255} }},
	{{ {2, 98, 76}, 0, {507, 163}, {24, 91, 86, 255} }},
	{{ {38, 103, 76}, 0, {839, 117}, {48, 76, 90, 255} }},
	{{ {-38, 103, 76}, 0, {145, 122}, {9, 96, 83, 255} }},
	{{ {-48, 91, 78}, 0, {56, 238}, {14, 15, 125, 255} }},
	{{ {-56, 37, 77}, 0, {-37, 727}, {186, 171, 64, 255} }},
	{{ {-18, 22, 85}, 0, {310, 886}, {218, 221, 116, 255} }},
	{{ {-55, 82, 76}, 0, {-11, 315}, {186, 246, 105, 255} }},
};

Gfx owl_head_mesh_layer_1_tri_1[] = {
	gsSPVertex(owl_head_mesh_layer_1_vtx_1 + 0, 22, 0),
	gsSP2Triangles(0, 1, 2, 0, 0, 2, 3, 0),
	gsSP2Triangles(4, 5, 6, 0, 4, 6, 7, 0),
	gsSP2Triangles(8, 9, 10, 0, 8, 10, 11, 0),
	gsSP2Triangles(12, 13, 14, 0, 12, 14, 15, 0),
	gsSP2Triangles(14, 16, 15, 0, 15, 17, 12, 0),
	gsSP2Triangles(18, 19, 20, 0, 18, 21, 19, 0),
	gsSPEndDisplayList(),
};

Vtx owl_head_mesh_layer_4_vtx_0[5] = {
	{{ {38, 103, 76}, 0, {352, 508}, {210, 173, 84, 255} }},
	{{ {58, 105, 76}, 0, {347, 591}, {52, 62, 98, 255} }},
	{{ {26, 129, 77}, 0, {471, 478}, {249, 113, 57, 255} }},
	{{ {2, 98, 76}, 0, {360, 353}, {169, 12, 92, 255} }},
	{{ {2, 104, 77}, 0, {383, 357}, {147, 43, 48, 255} }},
};

Gfx owl_head_mesh_layer_4_tri_0[] = {
	gsSPVertex(owl_head_mesh_layer_4_vtx_0 + 0, 5, 0),
	gsSP2Triangles(0, 1, 2, 0, 2, 3, 0, 0),
	gsSP1Triangle(2, 4, 3, 0),
	gsSPEndDisplayList(),
};

Vtx owl_beak_mesh_layer_1_vtx_0[15] = {
	{{ {1, 6, -23}, 0, {761, 479}, {247, 24, 132, 255} }},
	{{ {1, 34, 14}, 0, {220, 314}, {251, 107, 187, 255} }},
	{{ {21, 1, 9}, 0, {419, 678}, {107, 10, 189, 255} }},
	{{ {21, 1, 9}, 0, {419, 678}, {108, 39, 201, 255} }},
	{{ {1, -3, -20}, 0, {772, 590}, {255, 223, 133, 255} }},
	{{ {1, 6, -23}, 0, {761, 479}, {246, 64, 147, 255} }},
	{{ {1, 34, 14}, 0, {490, 314}, {84, 43, 85, 255} }},
	{{ {-18, 1, 9}, 0, {259, 678}, {207, 8, 117, 255} }},
	{{ {21, 1, 9}, 0, {733, 678}, {50, 10, 116, 255} }},
	{{ {-18, 1, 9}, 0, {419, 678}, {148, 10, 191, 255} }},
	{{ {1, 34, 14}, 0, {220, 314}, {2, 107, 188, 255} }},
	{{ {1, 6, -23}, 0, {761, 479}, {5, 24, 131, 255} }},
	{{ {-18, 1, 9}, 0, {419, 678}, {147, 38, 203, 255} }},
	{{ {1, 6, -23}, 0, {761, 479}, {6, 64, 146, 255} }},
	{{ {1, -3, -20}, 0, {772, 590}, {254, 223, 133, 255} }},
};

Gfx owl_beak_mesh_layer_1_tri_0[] = {
	gsSPVertex(owl_beak_mesh_layer_1_vtx_0 + 0, 15, 0),
	gsSP2Triangles(0, 1, 2, 0, 3, 4, 5, 0),
	gsSP2Triangles(6, 7, 8, 0, 9, 10, 11, 0),
	gsSP1Triangle(12, 13, 14, 0),
	gsSPEndDisplayList(),
};

Vtx owl_beak_001_mesh_layer_4_vtx_0[9] = {
	{{ {-23, 15, 3}, 0, {371, 723}, {221, 197, 149, 255} }},
	{{ {-35, 31, 3}, 0, {330, 729}, {175, 209, 170, 255} }},
	{{ {4, 26, 2}, 0, {380, 662}, {64, 64, 167, 255} }},
	{{ {-1, -14, 3}, 0, {447, 711}, {30, 202, 145, 255} }},
	{{ {3, -10, 2}, 0, {444, 700}, {81, 201, 175, 255} }},
	{{ {4, 26, 2}, 0, {381, 663}, {84, 221, 167, 255} }},
	{{ {-35, 31, 3}, 0, {331, 729}, {251, 176, 157, 255} }},
	{{ {-28, 63, 6}, 0, {279, 683}, {178, 221, 162, 255} }},
	{{ {-31, 75, 7}, 0, {254, 675}, {210, 91, 180, 255} }},
};

Gfx owl_beak_001_mesh_layer_4_tri_0[] = {
	gsSPVertex(owl_beak_001_mesh_layer_4_vtx_0 + 0, 9, 0),
	gsSP2Triangles(0, 1, 2, 0, 3, 0, 2, 0),
	gsSP2Triangles(2, 4, 3, 0, 5, 6, 7, 0),
	gsSP1Triangle(5, 7, 8, 0),
	gsSPEndDisplayList(),
};

Vtx owl_beak_002_mesh_layer_4_vtx_0[9] = {
	{{ {26, 20, 2}, 0, {296, 645}, {37, 199, 108, 255} }},
	{{ {37, 36, 2}, 0, {290, 686}, {82, 213, 87, 255} }},
	{{ {-2, 29, 3}, 0, {357, 635}, {189, 62, 88, 255} }},
	{{ {5, -10, 2}, 0, {308, 568}, {228, 202, 111, 255} }},
	{{ {1, -6, 3}, 0, {319, 571}, {177, 198, 81, 255} }},
	{{ {-2, 29, 3}, 0, {357, 636}, {173, 218, 89, 255} }},
	{{ {37, 36, 2}, 0, {291, 686}, {7, 177, 99, 255} }},
	{{ {29, 68, -1}, 0, {338, 738}, {79, 225, 95, 255} }},
	{{ {31, 80, -2}, 0, {345, 763}, {41, 94, 75, 255} }},
};

Gfx owl_beak_002_mesh_layer_4_tri_0[] = {
	gsSPVertex(owl_beak_002_mesh_layer_4_vtx_0 + 0, 9, 0),
	gsSP2Triangles(0, 1, 2, 0, 3, 0, 2, 0),
	gsSP2Triangles(2, 4, 3, 0, 5, 6, 7, 0),
	gsSP1Triangle(5, 7, 8, 0),
	gsSPEndDisplayList(),
};

Vtx owl_l_foot_mesh_layer_1_vtx_0[101] = {
	{{ {-25, 74, -54}, 0, {1424, 16}, {2, 61, 145, 255} }},
	{{ {-13, 108, -35}, 0, {1424, 16}, {213, 119, 4, 255} }},
	{{ {-12, 81, -36}, 0, {1424, 16}, {107, 1, 69, 255} }},
	{{ {-12, 81, -36}, 0, {1424, 16}, {107, 1, 69, 255} }},
	{{ {-13, 108, -35}, 0, {1424, 16}, {213, 119, 4, 255} }},
	{{ {-33, 72, -41}, 0, {1424, 16}, {155, 45, 62, 255} }},
	{{ {-33, 72, -41}, 0, {1424, 16}, {155, 45, 62, 255} }},
	{{ {-13, 108, -35}, 0, {1424, 16}, {213, 119, 4, 255} }},
	{{ {-25, 74, -54}, 0, {1424, 16}, {2, 61, 145, 255} }},
	{{ {10, 74, 14}, 0, {1424, 16}, {253, 6, 129, 255} }},
	{{ {10, 94, 15}, 0, {1424, 16}, {252, 123, 32, 255} }},
	{{ {18, 61, 32}, 0, {1424, 16}, {102, 53, 55, 255} }},
	{{ {2, 61, 32}, 0, {1424, 16}, {155, 51, 57, 255} }},
	{{ {10, 94, 15}, 0, {1424, 16}, {252, 123, 32, 255} }},
	{{ {10, 74, 14}, 0, {1424, 16}, {253, 6, 129, 255} }},
	{{ {18, 61, 32}, 0, {1424, 16}, {102, 53, 55, 255} }},
	{{ {10, 94, 15}, 0, {1424, 16}, {252, 123, 32, 255} }},
	{{ {2, 61, 32}, 0, {1424, 16}, {155, 51, 57, 255} }},
	{{ {53, 72, -41}, 0, {1424, 16}, {101, 45, 62, 255} }},
	{{ {33, 108, -35}, 0, {1424, 16}, {43, 119, 4, 255} }},
	{{ {32, 81, -36}, 0, {1424, 16}, {149, 1, 69, 255} }},
	{{ {32, 81, -36}, 0, {1424, 16}, {149, 1, 69, 255} }},
	{{ {33, 108, -35}, 0, {1424, 16}, {43, 119, 4, 255} }},
	{{ {45, 74, -54}, 0, {1424, 16}, {254, 61, 145, 255} }},
	{{ {45, 74, -54}, 0, {1424, 16}, {254, 61, 145, 255} }},
	{{ {33, 108, -35}, 0, {1424, 16}, {43, 119, 4, 255} }},
	{{ {53, 72, -41}, 0, {1424, 16}, {101, 45, 62, 255} }},
	{{ {20, 25, -9}, 0, {1680, 16}, {93, 176, 34, 255} }},
	{{ {10, 28, -24}, 0, {1680, 16}, {254, 183, 152, 255} }},
	{{ {10, 61, -23}, 0, {1680, 16}, {0, 210, 138, 255} }},
	{{ {10, 61, -23}, 0, {1680, 16}, {0, 210, 138, 255} }},
	{{ {23, 57, 0}, 0, {1680, 16}, {117, 6, 50, 255} }},
	{{ {1, 25, -9}, 0, {1680, 16}, {153, 184, 237, 255} }},
	{{ {10, 28, -24}, 0, {1680, 16}, {254, 183, 152, 255} }},
	{{ {20, 25, -9}, 0, {1680, 16}, {93, 176, 34, 255} }},
	{{ {-4, 57, 0}, 0, {1680, 16}, {155, 226, 72, 255} }},
	{{ {20, 25, -9}, 0, {1680, 16}, {93, 176, 34, 255} }},
	{{ {23, 57, 0}, 0, {1680, 16}, {117, 6, 50, 255} }},
	{{ {-4, 57, 0}, 0, {1680, 16}, {155, 226, 72, 255} }},
	{{ {1, 25, -9}, 0, {1680, 16}, {153, 184, 237, 255} }},
	{{ {20, 25, -9}, 0, {1680, 16}, {93, 176, 34, 255} }},
	{{ {10, 61, -23}, 0, {1680, 16}, {0, 210, 138, 255} }},
	{{ {53, 72, -41}, 0, {1680, 16}, {64, 146, 6, 255} }},
	{{ {23, 57, 0}, 0, {1680, 16}, {117, 6, 50, 255} }},
	{{ {23, 57, 0}, 0, {1680, 16}, {117, 6, 50, 255} }},
	{{ {53, 72, -41}, 0, {1680, 16}, {64, 146, 6, 255} }},
	{{ {32, 81, -36}, 0, {1680, 16}, {236, 125, 0, 255} }},
	{{ {10, 74, 14}, 0, {1680, 16}, {0, 125, 21, 255} }},
	{{ {18, 61, 32}, 0, {1680, 16}, {62, 148, 22, 255} }},
	{{ {23, 57, 0}, 0, {1680, 16}, {117, 6, 50, 255} }},
	{{ {23, 57, 0}, 0, {1680, 16}, {117, 6, 50, 255} }},
	{{ {18, 61, 32}, 0, {1680, 16}, {62, 148, 22, 255} }},
	{{ {-4, 57, 0}, 0, {1680, 16}, {155, 226, 72, 255} }},
	{{ {23, 57, 0}, 0, {1680, 16}, {117, 6, 50, 255} }},
	{{ {10, 78, -5}, 0, {1680, 16}, {0, 126, 13, 255} }},
	{{ {10, 74, 14}, 0, {1680, 16}, {0, 125, 21, 255} }},
	{{ {32, 81, -36}, 0, {1680, 16}, {236, 125, 1, 255} }},
	{{ {10, 78, -5}, 0, {1680, 16}, {0, 126, 13, 255} }},
	{{ {23, 57, 0}, 0, {1680, 16}, {117, 6, 50, 255} }},
	{{ {-4, 57, 0}, 0, {1680, 16}, {155, 226, 72, 255} }},
	{{ {10, 61, -23}, 0, {1680, 16}, {0, 210, 138, 255} }},
	{{ {1, 25, -9}, 0, {1680, 16}, {153, 184, 237, 255} }},
	{{ {-4, 57, 0}, 0, {1680, 16}, {155, 226, 72, 255} }},
	{{ {-33, 72, -41}, 0, {1680, 16}, {191, 147, 5, 255} }},
	{{ {10, 61, -23}, 0, {1680, 16}, {0, 210, 138, 255} }},
	{{ {10, 61, -23}, 0, {1680, 16}, {0, 210, 138, 255} }},
	{{ {-25, 74, -54}, 0, {1680, 16}, {59, 192, 164, 255} }},
	{{ {-12, 81, -36}, 0, {1680, 16}, {21, 125, 0, 255} }},
	{{ {32, 81, -36}, 0, {1680, 16}, {236, 125, 0, 255} }},
	{{ {45, 74, -54}, 0, {1680, 16}, {197, 193, 163, 255} }},
	{{ {10, 61, -23}, 0, {1680, 16}, {0, 210, 138, 255} }},
	{{ {10, 61, -23}, 0, {1680, 16}, {0, 210, 138, 255} }},
	{{ {45, 74, -54}, 0, {1680, 16}, {197, 193, 163, 255} }},
	{{ {53, 72, -41}, 0, {1680, 16}, {64, 146, 6, 255} }},
	{{ {10, 61, -23}, 0, {1680, 16}, {0, 210, 138, 255} }},
	{{ {10, 78, -5}, 0, {1680, 16}, {0, 126, 13, 255} }},
	{{ {32, 81, -36}, 0, {1680, 16}, {236, 125, 0, 255} }},
	{{ {-12, 81, -36}, 0, {1680, 16}, {21, 125, 0, 255} }},
	{{ {10, 78, -5}, 0, {1680, 16}, {0, 126, 13, 255} }},
	{{ {10, 61, -23}, 0, {1680, 16}, {0, 210, 138, 255} }},
	{{ {-33, 72, -41}, 0, {1680, 16}, {191, 147, 5, 255} }},
	{{ {-25, 74, -54}, 0, {1680, 16}, {59, 192, 164, 255} }},
	{{ {10, 61, -23}, 0, {1680, 16}, {0, 210, 138, 255} }},
	{{ {10, 61, -23}, 0, {1680, 16}, {0, 210, 138, 255} }},
	{{ {10, 28, -24}, 0, {1680, 16}, {254, 183, 152, 255} }},
	{{ {1, 25, -9}, 0, {1680, 16}, {153, 184, 237, 255} }},
	{{ {-12, 81, -36}, 0, {1680, 16}, {21, 125, 0, 255} }},
	{{ {-33, 72, -41}, 0, {1680, 16}, {191, 147, 5, 255} }},
	{{ {-4, 57, 0}, 0, {1680, 16}, {155, 226, 72, 255} }},
	{{ {-4, 57, 0}, 0, {1680, 16}, {155, 226, 72, 255} }},
	{{ {2, 61, 32}, 0, {1680, 16}, {146, 199, 28, 255} }},
	{{ {10, 74, 14}, 0, {1680, 16}, {0, 125, 21, 255} }},
	{{ {10, 74, 14}, 0, {1680, 16}, {0, 125, 21, 255} }},
	{{ {10, 78, -5}, 0, {1680, 16}, {0, 126, 13, 255} }},
	{{ {-4, 57, 0}, 0, {1680, 16}, {155, 226, 72, 255} }},
	{{ {18, 61, 32}, 0, {1680, 16}, {62, 148, 22, 255} }},
	{{ {2, 61, 32}, 0, {1680, 16}, {146, 198, 28, 255} }},
	{{ {-4, 57, 0}, 0, {1680, 16}, {155, 226, 72, 255} }},
	{{ {-4, 57, 0}, 0, {1680, 16}, {155, 226, 72, 255} }},
	{{ {10, 78, -5}, 0, {1680, 16}, {0, 126, 13, 255} }},
	{{ {-12, 81, -36}, 0, {1680, 16}, {21, 125, 0, 255} }},
};

Gfx owl_l_foot_mesh_layer_1_tri_0[] = {
	gsSPVertex(owl_l_foot_mesh_layer_1_vtx_0 + 0, 32, 0),
	gsSP2Triangles(0, 1, 2, 0, 3, 4, 5, 0),
	gsSP2Triangles(6, 7, 8, 0, 9, 10, 11, 0),
	gsSP2Triangles(12, 13, 14, 0, 15, 16, 17, 0),
	gsSP2Triangles(18, 19, 20, 0, 21, 22, 23, 0),
	gsSP2Triangles(24, 25, 26, 0, 27, 28, 29, 0),
	gsSP1Triangle(30, 31, 27, 0),
	gsSPVertex(owl_l_foot_mesh_layer_1_vtx_0 + 32, 30, 0),
	gsSP2Triangles(0, 1, 2, 0, 3, 4, 5, 0),
	gsSP2Triangles(6, 7, 8, 0, 9, 10, 11, 0),
	gsSP2Triangles(12, 13, 14, 0, 15, 16, 17, 0),
	gsSP2Triangles(18, 19, 20, 0, 21, 22, 23, 0),
	gsSP2Triangles(24, 25, 26, 0, 27, 28, 29, 0),
	gsSPVertex(owl_l_foot_mesh_layer_1_vtx_0 + 62, 30, 0),
	gsSP2Triangles(0, 1, 2, 0, 3, 4, 5, 0),
	gsSP2Triangles(6, 7, 8, 0, 9, 10, 11, 0),
	gsSP2Triangles(12, 13, 14, 0, 15, 16, 17, 0),
	gsSP2Triangles(18, 19, 20, 0, 21, 22, 23, 0),
	gsSP2Triangles(24, 25, 26, 0, 27, 28, 29, 0),
	gsSPVertex(owl_l_foot_mesh_layer_1_vtx_0 + 92, 9, 0),
	gsSP2Triangles(0, 1, 2, 0, 3, 4, 5, 0),
	gsSP1Triangle(6, 7, 8, 0),
	gsSPEndDisplayList(),
};

Vtx owl_l_foot_mesh_layer_1_vtx_1[36] = {
	{{ {-21, 45, -18}, 0, {498, 496}, {0, 125, 236, 0} }},
	{{ {42, 45, -18}, 0, {547, 496}, {0, 125, 236, 0} }},
	{{ {11, 40, -55}, 0, {523, 468}, {0, 126, 238, 0} }},
	{{ {-21, 45, -18}, 0, {498, 496}, {0, 125, 236, 0} }},
	{{ {11, 52, 18}, 0, {523, 524}, {0, 125, 234, 0} }},
	{{ {42, 45, -18}, 0, {547, 496}, {0, 125, 236, 0} }},
	{{ {42, 45, -18}, 0, {477, 496}, {124, 228, 4, 0} }},
	{{ {30, -6, -11}, 0, {517, 502}, {68, 150, 16, 0} }},
	{{ {11, -9, -33}, 0, {520, 485}, {255, 171, 162, 0} }},
	{{ {11, 40, -55}, 0, {481, 468}, {0, 203, 140, 0} }},
	{{ {42, 45, -18}, 0, {477, 496}, {124, 228, 4, 0} }},
	{{ {11, -9, -33}, 0, {520, 485}, {255, 171, 162, 0} }},
	{{ {11, -9, -33}, 0, {523, 485}, {255, 171, 162, 0} }},
	{{ {30, -6, -11}, 0, {538, 502}, {68, 150, 16, 0} }},
	{{ {-8, -6, -11}, 0, {508, 502}, {188, 150, 16, 0} }},
	{{ {-21, 45, -18}, 0, {477, 496}, {133, 227, 4, 0} }},
	{{ {11, 40, -55}, 0, {481, 468}, {0, 203, 140, 0} }},
	{{ {11, -9, -33}, 0, {520, 485}, {0, 171, 162, 0} }},
	{{ {11, -9, -33}, 0, {520, 485}, {0, 171, 162, 0} }},
	{{ {-8, -6, -11}, 0, {517, 502}, {188, 150, 16, 0} }},
	{{ {-21, 45, -18}, 0, {477, 496}, {133, 227, 4, 0} }},
	{{ {42, 45, -18}, 0, {477, 496}, {124, 228, 4, 0} }},
	{{ {11, 52, 18}, 0, {472, 524}, {0, 241, 126, 0} }},
	{{ {11, -2, 11}, 0, {514, 519}, {255, 202, 115, 0} }},
	{{ {11, -2, 11}, 0, {514, 519}, {255, 202, 115, 0} }},
	{{ {30, -6, -11}, 0, {517, 502}, {68, 150, 16, 0} }},
	{{ {42, 45, -18}, 0, {477, 496}, {124, 228, 4, 0} }},
	{{ {11, 52, 18}, 0, {472, 524}, {0, 241, 126, 0} }},
	{{ {-21, 45, -18}, 0, {477, 496}, {133, 227, 4, 0} }},
	{{ {11, -2, 11}, 0, {514, 519}, {0, 202, 115, 0} }},
	{{ {30, -6, -11}, 0, {538, 502}, {68, 150, 16, 0} }},
	{{ {11, -2, 11}, 0, {523, 519}, {255, 202, 115, 0} }},
	{{ {-8, -6, -11}, 0, {508, 502}, {188, 150, 16, 0} }},
	{{ {-21, 45, -18}, 0, {477, 496}, {133, 227, 4, 0} }},
	{{ {-8, -6, -11}, 0, {517, 502}, {188, 150, 16, 0} }},
	{{ {11, -2, 11}, 0, {514, 519}, {0, 202, 115, 0} }},
};

Gfx owl_l_foot_mesh_layer_1_tri_1[] = {
	gsSPVertex(owl_l_foot_mesh_layer_1_vtx_1 + 0, 30, 0),
	gsSP2Triangles(0, 1, 2, 0, 3, 4, 5, 0),
	gsSP2Triangles(6, 7, 8, 0, 9, 10, 11, 0),
	gsSP2Triangles(12, 13, 14, 0, 15, 16, 17, 0),
	gsSP2Triangles(18, 19, 20, 0, 21, 22, 23, 0),
	gsSP2Triangles(24, 25, 26, 0, 27, 28, 29, 0),
	gsSPVertex(owl_l_foot_mesh_layer_1_vtx_1 + 30, 6, 0),
	gsSP2Triangles(0, 1, 2, 0, 3, 4, 5, 0),
	gsSPEndDisplayList(),
};

Vtx owl_l_wing_1_mesh_layer_4_vtx_0[10] = {
	{{ {-1, 56, 78}, 0, {485, 1032}, {127, 1, 0, 255} }},
	{{ {0, 8, 16}, 0, {165, 646}, {127, 1, 0, 255} }},
	{{ {0, 8, -69}, 0, {169, 80}, {127, 2, 0, 255} }},
	{{ {-1, 56, 78}, 0, {485, 1032}, {127, 1, 0, 255} }},
	{{ {0, 8, -69}, 0, {169, 80}, {127, 2, 0, 255} }},
	{{ {-1, 56, -52}, 0, {485, 218}, {127, 1, 0, 255} }},
	{{ {0, 8, 16}, 0, {164, 646}, {127, 1, 0, 255} }},
	{{ {0, -24, -45}, 0, {-28, 240}, {127, 0, 0, 255} }},
	{{ {0, 8, -69}, 0, {168, 80}, {127, 2, 0, 255} }},
	{{ {0, -25, 55}, 0, {-36, 908}, {127, 0, 0, 255} }},
};

Gfx owl_l_wing_1_mesh_layer_4_tri_0[] = {
	gsSPVertex(owl_l_wing_1_mesh_layer_4_vtx_0 + 0, 10, 0),
	gsSP2Triangles(0, 1, 2, 0, 3, 4, 5, 0),
	gsSP2Triangles(6, 7, 8, 0, 6, 9, 7, 0),
	gsSPEndDisplayList(),
};

Vtx owl_l_wing_2_mesh_layer_4_vtx_0[4] = {
	{{ {-1, 3, 78}, 0, {484, 1032}, {127, 1, 0, 255} }},
	{{ {-1, 2, -52}, 0, {484, 218}, {127, 1, 0, 255} }},
	{{ {-1, 111, -88}, 0, {976, 2}, {127, 0, 0, 255} }},
	{{ {-1, 111, 60}, 0, {978, 930}, {127, 0, 0, 255} }},
};

Gfx owl_l_wing_2_mesh_layer_4_tri_0[] = {
	gsSPVertex(owl_l_wing_2_mesh_layer_4_vtx_0 + 0, 4, 0),
	gsSP2Triangles(0, 1, 2, 0, 3, 0, 2, 0),
	gsSPEndDisplayList(),
};

Vtx owl_l_wing_3_mesh_layer_4_vtx_0[6] = {
	{{ {-1, 157, 73}, 0, {999, 973}, {127, 255, 1, 255} }},
	{{ {-1, 2, -88}, 0, {6, -2}, {127, 255, 1, 255} }},
	{{ {0, 152, -66}, 0, {983, 110}, {127, 255, 1, 255} }},
	{{ {-1, 157, 73}, 0, {1000, 972}, {127, 0, 0, 255} }},
	{{ {-1, 2, 60}, 0, {-8, 923}, {127, 0, 0, 255} }},
	{{ {-1, 2, -88}, 0, {6, -2}, {127, 0, 0, 255} }},
};

Gfx owl_l_wing_3_mesh_layer_4_tri_0[] = {
	gsSPVertex(owl_l_wing_3_mesh_layer_4_vtx_0 + 0, 6, 0),
	gsSP2Triangles(0, 1, 2, 0, 3, 4, 5, 0),
	gsSPEndDisplayList(),
};

Vtx owl_r_foot_mesh_layer_1_vtx_0[100] = {
	{{ {-20, 57, 0}, 0, {1680, 16}, {139, 6, 50, 0} }},
	{{ {-15, 61, 32}, 0, {1680, 16}, {194, 148, 22, 0} }},
	{{ {-7, 74, 14}, 0, {1680, 16}, {0, 125, 21, 0} }},
	{{ {-17, 25, -9}, 0, {1680, 16}, {163, 176, 34, 0} }},
	{{ {-20, 57, 0}, 0, {1680, 16}, {139, 6, 50, 0} }},
	{{ {-7, 61, -23}, 0, {1680, 16}, {0, 210, 138, 0} }},
	{{ {-20, 57, 0}, 0, {1680, 16}, {139, 6, 50, 0} }},
	{{ {-7, 78, -5}, 0, {1680, 16}, {0, 126, 13, 0} }},
	{{ {-29, 81, -36}, 0, {1680, 16}, {20, 125, 1, 0} }},
	{{ {-7, 74, 14}, 0, {1680, 16}, {0, 125, 21, 0} }},
	{{ {-7, 78, -5}, 0, {1680, 16}, {0, 126, 13, 0} }},
	{{ {-20, 57, 0}, 0, {1680, 16}, {139, 6, 50, 0} }},
	{{ {-29, 81, -36}, 0, {1680, 16}, {20, 125, 0, 0} }},
	{{ {-50, 72, -41}, 0, {1680, 16}, {192, 146, 6, 0} }},
	{{ {-20, 57, 0}, 0, {1680, 16}, {139, 6, 50, 0} }},
	{{ {-20, 57, 0}, 0, {1680, 16}, {139, 6, 50, 0} }},
	{{ {-50, 72, -41}, 0, {1680, 16}, {192, 146, 6, 0} }},
	{{ {-7, 61, -23}, 0, {1680, 16}, {0, 210, 138, 0} }},
	{{ {7, 57, 0}, 0, {1680, 16}, {101, 226, 72, 0} }},
	{{ {-15, 61, 32}, 0, {1680, 16}, {194, 148, 22, 0} }},
	{{ {-20, 57, 0}, 0, {1680, 16}, {139, 6, 50, 0} }},
	{{ {-50, 72, -41}, 0, {1680, 16}, {192, 146, 6, 0} }},
	{{ {-42, 74, -54}, 0, {1680, 16}, {59, 193, 163, 0} }},
	{{ {-7, 61, -23}, 0, {1680, 16}, {0, 210, 138, 0} }},
	{{ {-29, 81, -36}, 0, {1680, 16}, {20, 125, 0, 0} }},
	{{ {-7, 78, -5}, 0, {1680, 16}, {0, 126, 13, 0} }},
	{{ {-7, 61, -23}, 0, {1680, 16}, {0, 210, 138, 0} }},
	{{ {-7, 61, -23}, 0, {1680, 16}, {0, 210, 138, 0} }},
	{{ {-42, 74, -54}, 0, {1680, 16}, {59, 193, 163, 0} }},
	{{ {-29, 81, -36}, 0, {1680, 16}, {20, 125, 0, 0} }},
	{{ {2, 25, -9}, 0, {1680, 16}, {103, 184, 237, 0} }},
	{{ {-7, 61, -23}, 0, {1680, 16}, {0, 210, 138, 0} }},
	{{ {7, 57, 0}, 0, {1680, 16}, {101, 226, 72, 0} }},
	{{ {-7, 61, -23}, 0, {1680, 16}, {0, 210, 138, 0} }},
	{{ {-7, 28, -24}, 0, {1680, 16}, {2, 183, 152, 0} }},
	{{ {-17, 25, -9}, 0, {1680, 16}, {163, 176, 34, 0} }},
	{{ {2, 25, -9}, 0, {1680, 16}, {103, 184, 237, 0} }},
	{{ {-7, 28, -24}, 0, {1680, 16}, {2, 183, 152, 0} }},
	{{ {-7, 61, -23}, 0, {1680, 16}, {0, 210, 138, 0} }},
	{{ {-7, 61, -23}, 0, {1680, 16}, {0, 210, 138, 0} }},
	{{ {27, 74, -54}, 0, {1680, 16}, {197, 192, 164, 0} }},
	{{ {35, 72, -41}, 0, {1680, 16}, {65, 147, 5, 0} }},
	{{ {-7, 61, -23}, 0, {1680, 16}, {0, 210, 138, 0} }},
	{{ {-7, 78, -5}, 0, {1680, 16}, {0, 126, 13, 0} }},
	{{ {15, 81, -36}, 0, {1680, 16}, {235, 125, 0, 0} }},
	{{ {15, 81, -36}, 0, {1680, 16}, {235, 125, 0, 0} }},
	{{ {27, 74, -54}, 0, {1680, 16}, {197, 192, 164, 0} }},
	{{ {-7, 61, -23}, 0, {1680, 16}, {0, 210, 138, 0} }},
	{{ {-7, 61, -23}, 0, {1680, 16}, {0, 210, 138, 0} }},
	{{ {35, 72, -41}, 0, {1680, 16}, {65, 147, 5, 0} }},
	{{ {7, 57, 0}, 0, {1680, 16}, {101, 226, 72, 0} }},
	{{ {15, 81, -36}, 0, {1680, 16}, {235, 125, 0, 0} }},
	{{ {-7, 78, -5}, 0, {1680, 16}, {0, 126, 13, 0} }},
	{{ {7, 57, 0}, 0, {1680, 16}, {101, 226, 72, 0} }},
	{{ {7, 57, 0}, 0, {1680, 16}, {101, 226, 72, 0} }},
	{{ {35, 72, -41}, 0, {1680, 16}, {65, 147, 5, 0} }},
	{{ {15, 81, -36}, 0, {1680, 16}, {235, 125, 0, 0} }},
	{{ {7, 57, 0}, 0, {1680, 16}, {101, 226, 72, 0} }},
	{{ {-7, 78, -5}, 0, {1680, 16}, {0, 126, 13, 0} }},
	{{ {-7, 74, 14}, 0, {1680, 16}, {0, 125, 21, 0} }},
	{{ {7, 57, 0}, 0, {1680, 16}, {101, 226, 72, 0} }},
	{{ {0, 61, 32}, 0, {1680, 16}, {110, 198, 28, 0} }},
	{{ {-15, 61, 32}, 0, {1680, 16}, {194, 148, 22, 0} }},
	{{ {-7, 74, 14}, 0, {1680, 16}, {0, 125, 21, 0} }},
	{{ {0, 61, 32}, 0, {1680, 16}, {110, 199, 28, 0} }},
	{{ {7, 57, 0}, 0, {1680, 16}, {101, 226, 72, 0} }},
	{{ {-17, 25, -9}, 0, {1680, 16}, {163, 176, 34, 0} }},
	{{ {-7, 28, -24}, 0, {1680, 16}, {2, 183, 152, 0} }},
	{{ {2, 25, -9}, 0, {1680, 16}, {103, 184, 237, 0} }},
	{{ {-42, 74, -54}, 0, {1424, 16}, {2, 61, 145, 0} }},
	{{ {-30, 108, -35}, 0, {1424, 16}, {213, 119, 4, 0} }},
	{{ {-29, 81, -36}, 0, {1424, 16}, {107, 1, 69, 0} }},
	{{ {-29, 81, -36}, 0, {1424, 16}, {107, 1, 69, 0} }},
	{{ {-30, 108, -35}, 0, {1424, 16}, {213, 119, 4, 0} }},
	{{ {-50, 72, -41}, 0, {1424, 16}, {155, 45, 62, 0} }},
	{{ {-50, 72, -41}, 0, {1424, 16}, {155, 45, 62, 0} }},
	{{ {-30, 108, -35}, 0, {1424, 16}, {213, 119, 4, 0} }},
	{{ {-42, 74, -54}, 0, {1424, 16}, {2, 61, 145, 0} }},
	{{ {15, 81, -36}, 0, {1424, 16}, {149, 1, 69, 0} }},
	{{ {16, 108, -35}, 0, {1424, 16}, {43, 119, 4, 0} }},
	{{ {27, 74, -54}, 0, {1424, 16}, {254, 61, 145, 0} }},
	{{ {35, 72, -41}, 0, {1424, 16}, {101, 45, 62, 0} }},
	{{ {16, 108, -35}, 0, {1424, 16}, {43, 119, 4, 0} }},
	{{ {15, 81, -36}, 0, {1424, 16}, {149, 1, 69, 0} }},
	{{ {27, 74, -54}, 0, {1424, 16}, {254, 61, 145, 0} }},
	{{ {16, 108, -35}, 0, {1424, 16}, {43, 119, 4, 0} }},
	{{ {35, 72, -41}, 0, {1424, 16}, {101, 45, 62, 0} }},
	{{ {-15, 61, 32}, 0, {1424, 16}, {154, 53, 55, 0} }},
	{{ {-7, 94, 15}, 0, {1424, 16}, {4, 123, 32, 0} }},
	{{ {-7, 74, 14}, 0, {1424, 16}, {3, 6, 129, 0} }},
	{{ {-7, 74, 14}, 0, {1424, 16}, {3, 6, 129, 0} }},
	{{ {-7, 94, 15}, 0, {1424, 16}, {4, 123, 32, 0} }},
	{{ {0, 61, 32}, 0, {1424, 16}, {101, 51, 57, 0} }},
	{{ {0, 61, 32}, 0, {1424, 16}, {101, 51, 57, 0} }},
	{{ {-7, 94, 15}, 0, {1424, 16}, {4, 123, 32, 0} }},
	{{ {-15, 61, 32}, 0, {1424, 16}, {154, 53, 55, 0} }},
	{{ {-20, 57, 0}, 0, {1680, 16}, {139, 6, 50, 0} }},
	{{ {-17, 25, -9}, 0, {1680, 16}, {163, 176, 34, 0} }},
	{{ {7, 57, 0}, 0, {1680, 16}, {101, 226, 72, 0} }},
	{{ {2, 25, -9}, 0, {1680, 16}, {103, 184, 237, 0} }},
};

Gfx owl_r_foot_mesh_layer_1_tri_0[] = {
	gsSPVertex(owl_r_foot_mesh_layer_1_vtx_0 + 0, 30, 0),
	gsSP2Triangles(0, 1, 2, 0, 3, 4, 5, 0),
	gsSP2Triangles(6, 7, 8, 0, 9, 10, 11, 0),
	gsSP2Triangles(12, 13, 14, 0, 15, 16, 17, 0),
	gsSP2Triangles(18, 19, 20, 0, 21, 22, 23, 0),
	gsSP2Triangles(24, 25, 26, 0, 27, 28, 29, 0),
	gsSPVertex(owl_r_foot_mesh_layer_1_vtx_0 + 30, 30, 0),
	gsSP2Triangles(0, 1, 2, 0, 3, 4, 5, 0),
	gsSP2Triangles(6, 7, 8, 0, 9, 10, 11, 0),
	gsSP2Triangles(12, 13, 14, 0, 15, 16, 17, 0),
	gsSP2Triangles(18, 19, 20, 0, 21, 22, 23, 0),
	gsSP2Triangles(24, 25, 26, 0, 27, 28, 29, 0),
	gsSPVertex(owl_r_foot_mesh_layer_1_vtx_0 + 60, 30, 0),
	gsSP2Triangles(0, 1, 2, 0, 3, 4, 5, 0),
	gsSP2Triangles(6, 7, 8, 0, 9, 10, 11, 0),
	gsSP2Triangles(12, 13, 14, 0, 15, 16, 17, 0),
	gsSP2Triangles(18, 19, 20, 0, 21, 22, 23, 0),
	gsSP2Triangles(24, 25, 26, 0, 27, 28, 29, 0),
	gsSPVertex(owl_r_foot_mesh_layer_1_vtx_0 + 90, 10, 0),
	gsSP2Triangles(0, 1, 2, 0, 3, 4, 5, 0),
	gsSP2Triangles(6, 7, 8, 0, 7, 9, 8, 0),
	gsSPEndDisplayList(),
};

Vtx owl_r_foot_mesh_layer_1_vtx_1[36] = {
	{{ {-39, 45, -18}, 0, {445, 496}, {0, 125, 236, 0} }},
	{{ {-8, 52, 18}, 0, {469, 524}, {0, 125, 234, 0} }},
	{{ {24, 45, -18}, 0, {494, 496}, {0, 125, 236, 0} }},
	{{ {-8, 40, -55}, 0, {469, 468}, {0, 126, 238, 0} }},
	{{ {-39, 45, -18}, 0, {445, 496}, {0, 125, 236, 0} }},
	{{ {24, 45, -18}, 0, {494, 496}, {0, 125, 236, 0} }},
	{{ {24, 45, -18}, 0, {477, 496}, {123, 227, 4, 0} }},
	{{ {11, -6, -11}, 0, {517, 502}, {68, 150, 16, 0} }},
	{{ {-8, -9, -33}, 0, {520, 485}, {0, 171, 162, 0} }},
	{{ {-8, -9, -33}, 0, {520, 485}, {0, 171, 162, 0} }},
	{{ {-8, 40, -55}, 0, {481, 468}, {0, 203, 140, 0} }},
	{{ {24, 45, -18}, 0, {477, 496}, {123, 227, 4, 0} }},
	{{ {-8, -2, 11}, 0, {514, 519}, {0, 202, 115, 0} }},
	{{ {24, 45, -18}, 0, {477, 496}, {123, 227, 4, 0} }},
	{{ {-8, 52, 18}, 0, {472, 524}, {0, 241, 126, 0} }},
	{{ {-8, -2, 11}, 0, {514, 519}, {0, 202, 115, 0} }},
	{{ {11, -6, -11}, 0, {517, 502}, {68, 150, 16, 0} }},
	{{ {24, 45, -18}, 0, {477, 496}, {123, 227, 4, 0} }},
	{{ {-8, -9, -33}, 0, {520, 485}, {1, 171, 162, 0} }},
	{{ {-39, 45, -18}, 0, {477, 496}, {132, 228, 4, 0} }},
	{{ {-8, 40, -55}, 0, {481, 468}, {0, 203, 140, 0} }},
	{{ {11, -6, -11}, 0, {484, 502}, {68, 150, 16, 0} }},
	{{ {-28, -6, -11}, 0, {454, 502}, {188, 150, 16, 0} }},
	{{ {-8, -9, -33}, 0, {469, 485}, {1, 171, 162, 0} }},
	{{ {-8, -9, -33}, 0, {520, 485}, {1, 171, 162, 0} }},
	{{ {-28, -6, -11}, 0, {517, 502}, {188, 150, 16, 0} }},
	{{ {-39, 45, -18}, 0, {477, 496}, {132, 228, 4, 0} }},
	{{ {-8, -2, 11}, 0, {514, 519}, {1, 202, 115, 0} }},
	{{ {-8, 52, 18}, 0, {472, 524}, {0, 241, 126, 0} }},
	{{ {-39, 45, -18}, 0, {477, 496}, {132, 228, 4, 0} }},
	{{ {-39, 45, -18}, 0, {477, 496}, {132, 228, 4, 0} }},
	{{ {-28, -6, -11}, 0, {517, 502}, {188, 150, 16, 0} }},
	{{ {-8, -2, 11}, 0, {514, 519}, {1, 202, 115, 0} }},
	{{ {11, -6, -11}, 0, {484, 502}, {68, 150, 16, 0} }},
	{{ {-8, -2, 11}, 0, {469, 519}, {1, 202, 115, 0} }},
	{{ {-28, -6, -11}, 0, {454, 502}, {188, 150, 16, 0} }},
};

Gfx owl_r_foot_mesh_layer_1_tri_1[] = {
	gsSPVertex(owl_r_foot_mesh_layer_1_vtx_1 + 0, 30, 0),
	gsSP2Triangles(0, 1, 2, 0, 3, 4, 5, 0),
	gsSP2Triangles(6, 7, 8, 0, 9, 10, 11, 0),
	gsSP2Triangles(12, 13, 14, 0, 15, 16, 17, 0),
	gsSP2Triangles(18, 19, 20, 0, 21, 22, 23, 0),
	gsSP2Triangles(24, 25, 26, 0, 27, 28, 29, 0),
	gsSPVertex(owl_r_foot_mesh_layer_1_vtx_1 + 30, 6, 0),
	gsSP2Triangles(0, 1, 2, 0, 3, 4, 5, 0),
	gsSPEndDisplayList(),
};

Vtx owl_r_wing_1_mesh_layer_4_vtx_0[8] = {
	{{ {1, 53, -51}, 0, {464, 226}, {129, 1, 0, 255} }},
	{{ {0, 5, -68}, 0, {160, 92}, {129, 2, 0, 255} }},
	{{ {1, 53, 77}, 0, {466, 1004}, {129, 1, 0, 255} }},
	{{ {0, 5, 17}, 0, {158, 646}, {129, 1, 0, 255} }},
	{{ {0, 5, -68}, 0, {160, 92}, {129, 2, 0, 255} }},
	{{ {0, -27, -44}, 0, {-16, 248}, {129, 0, 0, 255} }},
	{{ {0, 5, 17}, 0, {158, 646}, {129, 1, 0, 255} }},
	{{ {0, -28, 56}, 0, {-44, 936}, {129, 0, 0, 255} }},
};

Gfx owl_r_wing_1_mesh_layer_4_tri_0[] = {
	gsSPVertex(owl_r_wing_1_mesh_layer_4_vtx_0 + 0, 8, 0),
	gsSP2Triangles(0, 1, 2, 0, 1, 3, 2, 0),
	gsSP2Triangles(4, 5, 6, 0, 5, 7, 6, 0),
	gsSPEndDisplayList(),
};

Vtx owl_r_wing_2_mesh_layer_4_vtx_0[4] = {
	{{ {1, 109, -87}, 0, {970, 18}, {129, 0, 0, 255} }},
	{{ {1, 0, 77}, 0, {466, 1004}, {129, 1, 0, 255} }},
	{{ {1, 109, 61}, 0, {972, 904}, {129, 0, 0, 255} }},
	{{ {1, 0, -51}, 0, {464, 226}, {129, 1, 0, 255} }},
};

Gfx owl_r_wing_2_mesh_layer_4_tri_0[] = {
	gsSPVertex(owl_r_wing_2_mesh_layer_4_vtx_0 + 0, 4, 0),
	gsSP2Triangles(0, 1, 2, 0, 0, 3, 1, 0),
	gsSPEndDisplayList(),
};

Vtx owl_r_wing_3_mesh_layer_4_vtx_0[6] = {
	{{ {1, -1, -87}, 0, {5, 24}, {129, 0, 0, 255} }},
	{{ {1, -1, 61}, 0, {-6, 901}, {129, 0, 0, 255} }},
	{{ {1, 167, 74}, 0, {1017, 991}, {129, 0, 0, 255} }},
	{{ {2, 150, -65}, 0, {921, 172}, {129, 1, 255, 255} }},
	{{ {1, -1, -87}, 0, {5, 24}, {129, 1, 255, 255} }},
	{{ {1, 167, 74}, 0, {1016, 992}, {129, 1, 255, 255} }},
};

Gfx owl_r_wing_3_mesh_layer_4_tri_0[] = {
	gsSPVertex(owl_r_wing_3_mesh_layer_4_vtx_0 + 0, 6, 0),
	gsSP2Triangles(0, 1, 2, 0, 3, 4, 5, 0),
	gsSPEndDisplayList(),
};


Gfx mat_owl_f3dlite_material[] = {
	gsSPClearGeometryMode(G_CULL_BACK),
	gsSPLightColor(LIGHT_1, 0xFFFFFFFF),
	gsSPLightColor(LIGHT_2, 0x7F7F7FFF),
	gsDPPipeSync(),
	gsDPSetCombineLERP(TEXEL0, 0, SHADE, 0, 0, 0, 0, ENVIRONMENT, TEXEL0, 0, SHADE, 0, 0, 0, 0, ENVIRONMENT),
	gsDPSetAlphaDither(G_AD_NOISE),
	gsDPSetTextureLUT(G_TT_RGBA16),
	gsSPTexture(65535, 65535, 0, 0, 1),
	gsDPSetTextureImage(G_IM_FMT_RGBA, G_IM_SIZ_16b, 1, owl_Laminat_pal_rgba16),
	gsDPSetTile(0, 0, 0, 256, 5, 0, G_TX_WRAP | G_TX_NOMIRROR, 0, 0, G_TX_WRAP | G_TX_NOMIRROR, 0, 0),
	gsDPLoadTLUTCmd(5, 50),
	gsDPSetTextureImage(G_IM_FMT_CI, G_IM_SIZ_8b_LOAD_BLOCK, 1, owl_Laminat_ci8),
	gsDPSetTile(G_IM_FMT_CI, G_IM_SIZ_8b_LOAD_BLOCK, 0, 0, 7, 0, G_TX_WRAP | G_TX_NOMIRROR, 0, 0, G_TX_WRAP | G_TX_NOMIRROR, 0, 0),
	gsDPLoadBlock(7, 0, 0, 511, 512),
	gsDPSetTile(G_IM_FMT_CI, G_IM_SIZ_8b, 4, 0, 0, 0, G_TX_WRAP | G_TX_NOMIRROR, 6, 0, G_TX_WRAP | G_TX_NOMIRROR, 6, 0),
	gsDPSetTileSize(0, 0, 0, 252, 252),
	gsSPEndDisplayList(),
};

Gfx mat_revert_owl_f3dlite_material[] = {
	gsSPSetGeometryMode(G_CULL_BACK),
	gsDPPipeSync(),
	gsDPSetAlphaDither(G_AD_DISABLE),
	gsDPSetTextureLUT(G_TT_NONE),
	gsSPEndDisplayList(),
};

Gfx mat_owl_f3dlite_material_001[] = {
	gsSPLightColor(LIGHT_1, 0xFFFFFFFF),
	gsSPLightColor(LIGHT_2, 0x7F7F7FFF),
	gsDPPipeSync(),
	gsDPSetCombineLERP(TEXEL0, 0, SHADE, 0, 0, 0, 0, ENVIRONMENT, TEXEL0, 0, SHADE, 0, 0, 0, 0, ENVIRONMENT),
	gsDPSetAlphaDither(G_AD_NOISE),
	gsSPTexture(65535, 65535, 0, 0, 1),
	gsDPSetTextureImage(G_IM_FMT_I, G_IM_SIZ_8b_LOAD_BLOCK, 1, owl__0E000010_i8),
	gsDPSetTile(G_IM_FMT_I, G_IM_SIZ_8b_LOAD_BLOCK, 0, 0, 7, 0, G_TX_WRAP | G_TX_NOMIRROR, 0, 0, G_TX_WRAP | G_TX_NOMIRROR, 0, 0),
	gsDPLoadBlock(7, 0, 0, 511, 512),
	gsDPSetTile(G_IM_FMT_I, G_IM_SIZ_8b, 4, 0, 0, 0, G_TX_WRAP | G_TX_NOMIRROR, 5, 0, G_TX_WRAP | G_TX_NOMIRROR, 5, 0),
	gsDPSetTileSize(0, 0, 0, 124, 124),
	gsSPEndDisplayList(),
};

Gfx mat_revert_owl_f3dlite_material_001[] = {
	gsDPPipeSync(),
	gsDPSetAlphaDither(G_AD_DISABLE),
	gsSPEndDisplayList(),
};

Gfx mat_owl_tex_5000A20_fix_f3d[] = {
	gsSPLightColor(LIGHT_1, 0xFFFFFFFF),
	gsSPLightColor(LIGHT_2, 0x7F7F7FFF),
	gsDPPipeSync(),
	gsDPSetCombineLERP(TEXEL0, 0, SHADE, 0, 0, 0, 0, ENVIRONMENT, TEXEL0, 0, SHADE, 0, 0, 0, 0, ENVIRONMENT),
	gsDPSetAlphaDither(G_AD_NOISE),
	gsDPSetTextureLUT(G_TT_RGBA16),
	gsSPTexture(65535, 65535, 0, 0, 1),
	gsDPSetTextureImage(G_IM_FMT_RGBA, G_IM_SIZ_16b, 1, owl_tex_5000A20_edit_pal_rgba16),
	gsDPSetTile(0, 0, 0, 256, 5, 0, G_TX_WRAP | G_TX_NOMIRROR, 0, 0, G_TX_WRAP | G_TX_NOMIRROR, 0, 0),
	gsDPLoadTLUTCmd(5, 109),
	gsDPSetTextureImage(G_IM_FMT_CI, G_IM_SIZ_8b_LOAD_BLOCK, 1, owl_tex_5000A20_edit_ci8),
	gsDPSetTile(G_IM_FMT_CI, G_IM_SIZ_8b_LOAD_BLOCK, 0, 0, 7, 0, G_TX_WRAP | G_TX_NOMIRROR, 0, 0, G_TX_WRAP | G_TX_NOMIRROR, 0, 0),
	gsDPLoadBlock(7, 0, 0, 511, 512),
	gsDPSetTile(G_IM_FMT_CI, G_IM_SIZ_8b, 4, 0, 0, 0, G_TX_WRAP | G_TX_NOMIRROR, 5, 0, G_TX_WRAP | G_TX_NOMIRROR, 5, 0),
	gsDPSetTileSize(0, 0, 0, 124, 124),
	gsSPEndDisplayList(),
};

Gfx mat_revert_owl_tex_5000A20_fix_f3d[] = {
	gsDPPipeSync(),
	gsDPSetAlphaDither(G_AD_DISABLE),
	gsDPSetTextureLUT(G_TT_NONE),
	gsSPEndDisplayList(),
};

Gfx mat_owl_tex_5001E50_f3d[] = {
	gsSPClearGeometryMode(G_CULL_BACK),
	gsSPLightColor(LIGHT_1, 0xFFFFFFFF),
	gsSPLightColor(LIGHT_2, 0x7F7F7FFF),
	gsDPPipeSync(),
	gsDPSetCombineLERP(TEXEL0, 0, SHADE, 0, TEXEL0, 0, ENVIRONMENT, 0, TEXEL0, 0, SHADE, 0, TEXEL0, 0, ENVIRONMENT, 0),
	gsDPSetAlphaDither(G_AD_NOISE),
	gsDPSetTextureLUT(G_TT_RGBA16),
	gsSPTexture(65535, 65535, 0, 0, 1),
	gsDPSetTextureImage(G_IM_FMT_RGBA, G_IM_SIZ_16b, 1, owl_tex_5001E50_pal_rgba16),
	gsDPSetTile(0, 0, 0, 256, 5, 0, G_TX_WRAP | G_TX_NOMIRROR, 0, 0, G_TX_WRAP | G_TX_NOMIRROR, 0, 0),
	gsDPLoadTLUTCmd(5, 93),
	gsDPSetTextureImage(G_IM_FMT_CI, G_IM_SIZ_8b_LOAD_BLOCK, 1, owl_tex_5001E50_ci8),
	gsDPSetTile(G_IM_FMT_CI, G_IM_SIZ_8b_LOAD_BLOCK, 0, 0, 7, 0, G_TX_WRAP | G_TX_NOMIRROR, 0, 0, G_TX_WRAP | G_TX_NOMIRROR, 0, 0),
	gsDPLoadBlock(7, 0, 0, 511, 512),
	gsDPSetTile(G_IM_FMT_CI, G_IM_SIZ_8b, 4, 0, 0, 0, G_TX_WRAP | G_TX_NOMIRROR, 5, 0, G_TX_WRAP | G_TX_NOMIRROR, 5, 0),
	gsDPSetTileSize(0, 0, 0, 124, 124),
	gsSPEndDisplayList(),
};

Gfx mat_revert_owl_tex_5001E50_f3d[] = {
	gsSPSetGeometryMode(G_CULL_BACK),
	gsDPPipeSync(),
	gsDPSetAlphaDither(G_AD_DISABLE),
	gsDPSetTextureLUT(G_TT_NONE),
	gsSPEndDisplayList(),
};

Gfx mat_owl_f3dlite_material_002[] = {
	gsSPLightColor(LIGHT_1, 0xFFFFFFFF),
	gsSPLightColor(LIGHT_2, 0x7F7F7FFF),
	gsDPPipeSync(),
	gsDPSetCombineLERP(TEXEL0, 0, SHADE, 0, 0, 0, 0, ENVIRONMENT, TEXEL0, 0, SHADE, 0, 0, 0, 0, ENVIRONMENT),
	gsDPSetAlphaDither(G_AD_NOISE),
	gsDPSetTextureLUT(G_TT_RGBA16),
	gsSPTexture(65535, 65535, 0, 0, 1),
	gsDPSetTextureImage(G_IM_FMT_RGBA, G_IM_SIZ_16b, 1, owl_Texture0406_RGB_pal_rgba16),
	gsDPSetTile(0, 0, 0, 256, 5, 0, G_TX_WRAP | G_TX_NOMIRROR, 0, 0, G_TX_WRAP | G_TX_NOMIRROR, 0, 0),
	gsDPLoadTLUTCmd(5, 9),
	gsDPSetTextureImage(G_IM_FMT_CI, G_IM_SIZ_16b, 1, owl_Texture0406_RGB_ci4),
	gsDPSetTile(G_IM_FMT_CI, G_IM_SIZ_16b, 0, 0, 7, 0, G_TX_WRAP | G_TX_NOMIRROR, 0, 0, G_TX_WRAP | G_TX_NOMIRROR, 0, 0),
	gsDPLoadBlock(7, 0, 0, 255, 1024),
	gsDPSetTile(G_IM_FMT_CI, G_IM_SIZ_4b, 2, 0, 0, 0, G_TX_WRAP | G_TX_NOMIRROR, 5, 0, G_TX_WRAP | G_TX_NOMIRROR, 5, 0),
	gsDPSetTileSize(0, 0, 0, 124, 124),
	gsSPEndDisplayList(),
};

Gfx mat_revert_owl_f3dlite_material_002[] = {
	gsDPPipeSync(),
	gsDPSetAlphaDither(G_AD_DISABLE),
	gsDPSetTextureLUT(G_TT_NONE),
	gsSPEndDisplayList(),
};

Gfx mat_owl_vertexColors_hoot_f3d[] = {
	gsSPClearGeometryMode(G_CULL_BACK),
	gsSPLightColor(LIGHT_1, 0xFFFFFFFF),
	gsSPLightColor(LIGHT_2, 0x7F7F7FFF),
	gsDPPipeSync(),
	gsDPSetCombineLERP(TEXEL0, 0, SHADE, 0, 0, 0, 0, ENVIRONMENT, TEXEL0, 0, SHADE, 0, 0, 0, 0, ENVIRONMENT),
	gsDPSetAlphaDither(G_AD_NOISE),
	gsDPSetTextureLUT(G_TT_RGBA16),
	gsSPTexture(65535, 65535, 0, 0, 1),
	gsDPSetTextureImage(G_IM_FMT_RGBA, G_IM_SIZ_16b, 1, owl_vertexColors_hoot_pal_rgba16),
	gsDPSetTile(0, 0, 0, 256, 5, 0, G_TX_WRAP | G_TX_NOMIRROR, 0, 0, G_TX_WRAP | G_TX_NOMIRROR, 0, 0),
	gsDPLoadTLUTCmd(5, 15),
	gsDPSetTextureImage(G_IM_FMT_CI, G_IM_SIZ_16b, 1, owl_vertexColors_hoot_ci4),
	gsDPSetTile(G_IM_FMT_CI, G_IM_SIZ_16b, 0, 0, 7, 0, G_TX_WRAP | G_TX_NOMIRROR, 0, 0, G_TX_WRAP | G_TX_NOMIRROR, 0, 0),
	gsDPLoadBlock(7, 0, 0, 63, 512),
	gsDPSetTile(G_IM_FMT_CI, G_IM_SIZ_4b, 4, 0, 0, 0, G_TX_WRAP | G_TX_NOMIRROR, 2, 0, G_TX_WRAP | G_TX_NOMIRROR, 6, 0),
	gsDPSetTileSize(0, 0, 0, 252, 12),
	gsSPEndDisplayList(),
};

Gfx mat_revert_owl_vertexColors_hoot_f3d[] = {
	gsSPSetGeometryMode(G_CULL_BACK),
	gsDPPipeSync(),
	gsDPSetAlphaDither(G_AD_DISABLE),
	gsDPSetTextureLUT(G_TT_NONE),
	gsSPEndDisplayList(),
};

Gfx mat_owl_tex_5002650_fix_f3d[] = {
	gsSPClearGeometryMode(G_CULL_BACK),
	gsSPLightColor(LIGHT_1, 0xFFFFFFFF),
	gsSPLightColor(LIGHT_2, 0x7F7F7FFF),
	gsDPPipeSync(),
	gsDPSetCombineLERP(TEXEL0, 0, SHADE, 0, TEXEL0, 0, ENVIRONMENT, 0, TEXEL0, 0, SHADE, 0, TEXEL0, 0, ENVIRONMENT, 0),
	gsDPSetAlphaDither(G_AD_NOISE),
	gsDPSetTextureLUT(G_TT_RGBA16),
	gsSPTexture(65535, 65535, 0, 0, 1),
	gsDPSetTextureImage(G_IM_FMT_RGBA, G_IM_SIZ_16b, 1, owl_tex_5002650_pal_rgba16),
	gsDPSetTile(0, 0, 0, 256, 5, 0, G_TX_WRAP | G_TX_NOMIRROR, 0, 0, G_TX_WRAP | G_TX_NOMIRROR, 0, 0),
	gsDPLoadTLUTCmd(5, 190),
	gsDPSetTextureImage(G_IM_FMT_CI, G_IM_SIZ_8b_LOAD_BLOCK, 1, owl_tex_5002650_ci8),
	gsDPSetTile(G_IM_FMT_CI, G_IM_SIZ_8b_LOAD_BLOCK, 0, 0, 7, 0, G_TX_WRAP | G_TX_NOMIRROR, 0, 0, G_TX_WRAP | G_TX_NOMIRROR, 0, 0),
	gsDPLoadBlock(7, 0, 0, 511, 512),
	gsDPSetTile(G_IM_FMT_CI, G_IM_SIZ_8b, 4, 0, 0, 0, G_TX_WRAP | G_TX_NOMIRROR, 5, 0, G_TX_WRAP | G_TX_NOMIRROR, 5, 0),
	gsDPSetTileSize(0, 0, 0, 124, 124),
	gsSPEndDisplayList(),
};

Gfx mat_revert_owl_tex_5002650_fix_f3d[] = {
	gsSPSetGeometryMode(G_CULL_BACK),
	gsDPPipeSync(),
	gsDPSetAlphaDither(G_AD_DISABLE),
	gsDPSetTextureLUT(G_TT_NONE),
	gsSPEndDisplayList(),
};

Gfx owl_body_mesh_layer_1[] = {
	gsSPDisplayList(mat_owl_f3dlite_material),
	gsSPDisplayList(owl_body_mesh_layer_1_tri_0),
	gsSPDisplayList(mat_revert_owl_f3dlite_material),
	gsSPDisplayList(mat_owl_f3dlite_material_001),
	gsSPDisplayList(owl_body_mesh_layer_1_tri_1),
	gsSPDisplayList(mat_revert_owl_f3dlite_material_001),
	gsSPEndDisplayList(),
};

Gfx owl_head_mesh_layer_1[] = {
	gsSPDisplayList(mat_owl_f3dlite_material),
	gsSPDisplayList(owl_head_mesh_layer_1_tri_0),
	gsSPDisplayList(mat_revert_owl_f3dlite_material),
	gsSPDisplayList(mat_owl_tex_5000A20_fix_f3d),
	gsSPDisplayList(owl_head_mesh_layer_1_tri_1),
	gsSPDisplayList(mat_revert_owl_tex_5000A20_fix_f3d),
	gsSPEndDisplayList(),
};

Gfx owl_head_mesh_layer_4[] = {
	gsSPDisplayList(mat_owl_tex_5001E50_f3d),
	gsSPDisplayList(owl_head_mesh_layer_4_tri_0),
	gsSPDisplayList(mat_revert_owl_tex_5001E50_f3d),
	gsSPEndDisplayList(),
};

Gfx owl_beak_mesh_layer_1[] = {
	gsSPDisplayList(mat_owl_f3dlite_material_002),
	gsSPDisplayList(owl_beak_mesh_layer_1_tri_0),
	gsSPDisplayList(mat_revert_owl_f3dlite_material_002),
	gsSPEndDisplayList(),
};

Gfx owl_beak_001_mesh_layer_4[] = {
	gsSPDisplayList(mat_owl_tex_5001E50_f3d),
	gsSPDisplayList(owl_beak_001_mesh_layer_4_tri_0),
	gsSPDisplayList(mat_revert_owl_tex_5001E50_f3d),
	gsSPEndDisplayList(),
};

Gfx owl_beak_002_mesh_layer_4[] = {
	gsSPDisplayList(mat_owl_tex_5001E50_f3d),
	gsSPDisplayList(owl_beak_002_mesh_layer_4_tri_0),
	gsSPDisplayList(mat_revert_owl_tex_5001E50_f3d),
	gsSPEndDisplayList(),
};

Gfx owl_l_foot_mesh_layer_1[] = {
	gsSPDisplayList(mat_owl_vertexColors_hoot_f3d),
	gsSPDisplayList(owl_l_foot_mesh_layer_1_tri_0),
	gsSPDisplayList(mat_revert_owl_vertexColors_hoot_f3d),
	gsSPDisplayList(mat_owl_f3dlite_material),
	gsSPDisplayList(owl_l_foot_mesh_layer_1_tri_1),
	gsSPDisplayList(mat_revert_owl_f3dlite_material),
	gsSPEndDisplayList(),
};

Gfx owl_l_wing_1_mesh_layer_4[] = {
	gsSPDisplayList(mat_owl_tex_5001E50_f3d),
	gsSPDisplayList(owl_l_wing_1_mesh_layer_4_tri_0),
	gsSPDisplayList(mat_revert_owl_tex_5001E50_f3d),
	gsSPEndDisplayList(),
};

Gfx owl_l_wing_2_mesh_layer_4[] = {
	gsSPDisplayList(mat_owl_tex_5001E50_f3d),
	gsSPDisplayList(owl_l_wing_2_mesh_layer_4_tri_0),
	gsSPDisplayList(mat_revert_owl_tex_5001E50_f3d),
	gsSPEndDisplayList(),
};

Gfx owl_l_wing_3_mesh_layer_4[] = {
	gsSPDisplayList(mat_owl_tex_5002650_fix_f3d),
	gsSPDisplayList(owl_l_wing_3_mesh_layer_4_tri_0),
	gsSPDisplayList(mat_revert_owl_tex_5002650_fix_f3d),
	gsSPEndDisplayList(),
};

Gfx owl_r_foot_mesh_layer_1_with_revert[] = {
	gsSPDisplayList(mat_owl_vertexColors_hoot_f3d),
	gsSPDisplayList(owl_r_foot_mesh_layer_1_tri_0),
	gsSPDisplayList(mat_revert_owl_vertexColors_hoot_f3d),
	gsSPDisplayList(mat_owl_f3dlite_material),
	gsSPDisplayList(owl_r_foot_mesh_layer_1_tri_1),
	gsSPDisplayList(mat_revert_owl_f3dlite_material),
	gsDPPipeSync(),
	gsSPSetGeometryMode(G_LIGHTING),
	gsSPClearGeometryMode(G_TEXTURE_GEN),
	gsDPSetCombineLERP(0, 0, 0, SHADE, 0, 0, 0, ENVIRONMENT, 0, 0, 0, SHADE, 0, 0, 0, ENVIRONMENT),
	gsSPTexture(65535, 65535, 0, 0, 0),
	gsDPSetEnvColor(255, 255, 255, 255),
	gsDPSetAlphaCompare(G_AC_NONE),
	gsSPEndDisplayList(),
};

Gfx owl_r_wing_1_mesh_layer_4[] = {
	gsSPDisplayList(mat_owl_tex_5001E50_f3d),
	gsSPDisplayList(owl_r_wing_1_mesh_layer_4_tri_0),
	gsSPDisplayList(mat_revert_owl_tex_5001E50_f3d),
	gsSPEndDisplayList(),
};

Gfx owl_r_wing_2_mesh_layer_4[] = {
	gsSPDisplayList(mat_owl_tex_5001E50_f3d),
	gsSPDisplayList(owl_r_wing_2_mesh_layer_4_tri_0),
	gsSPDisplayList(mat_revert_owl_tex_5001E50_f3d),
	gsSPEndDisplayList(),
};

Gfx owl_r_wing_3_mesh_layer_4_with_revert[] = {
	gsSPDisplayList(mat_owl_tex_5002650_fix_f3d),
	gsSPDisplayList(owl_r_wing_3_mesh_layer_4_tri_0),
	gsSPDisplayList(mat_revert_owl_tex_5002650_fix_f3d),
	gsDPPipeSync(),
	gsSPSetGeometryMode(G_LIGHTING),
	gsSPClearGeometryMode(G_TEXTURE_GEN),
	gsDPSetCombineLERP(0, 0, 0, SHADE, 0, 0, 0, ENVIRONMENT, 0, 0, 0, SHADE, 0, 0, 0, ENVIRONMENT),
	gsSPTexture(65535, 65535, 0, 0, 0),
	gsDPSetEnvColor(255, 255, 255, 255),
	gsDPSetAlphaCompare(G_AC_NONE),
	gsSPEndDisplayList(),
};

